District_Encoded,Year,Overall_lag1,Overall_lag2,Outcome_lag1,Outcome_lag2,ECT_lag1,ECT_lag2,IFSE_lag1,IFSE_lag2,SSCP_lag1,SSCP_lag2,DL_lag1,DL_lag2,GP_lag1,GP_lag2,Overall_trend,Outcome_trend,Overall_avg,Outcome_avg,Overall_diff,Outcome_diff,Predicted_Group,Predicted_Label,District
0,2024,276.0,300.0,84.0,121.0,67.0,70.0,32.0,26.0,25.0,12.0,3.0,5.0,64.0,66.0,-24.0,-37.0,288.0,102.5,24.0,37.0,1,Medium,Adilabad
1,2024,309.0,349.0,110.0,156.0,79.0,83.0,32.0,32.0,30.0,30.0,6.0,5.0,52.0,43.0,-40.0,-46.0,329.0,133.0,40.0,46.0,1,Medium,Agar Malwa
2,2024,311.0,372.0,108.0,152.0,71.0,78.0,34.0,40.0,33.0,34.0,9.0,8.0,56.0,60.0,-61.0,-44.0,341.5,130.0,61.0,44.0,1,Medium,Agra
5,2024,388.0,422.0,136.0,163.0,84.0,87.0,41.0,39.0,27.0,31.0,27.0,27.0,74.0,75.0,-34.0,-27.0,405.0,149.5,34.0,27.0,0,Low,Ahmedabad
6,2024,264.0,310.0,133.0,137.0,49.0,56.0,25.0,41.0,9.0,15.0,3.0,3.0,45.0,58.0,-46.0,-4.0,287.0,135.0,46.0,4.0,1,Medium,Aizawl
7,2024,416.0,456.0,181.0,208.0,86.0,86.0,37.0,42.0,35.0,35.0,22.0,23.0,54.0,62.0,-40.0,-27.0,436.0,194.5,40.0,27.0,1,Medium,Ajmer
8,2024,393.0,394.0,155.0,156.0,84.0,81.0,40.0,43.0,35.0,35.0,22.0,25.0,58.0,54.0,-1.0,-1.0,393.5,155.5,1.0,1.0,1,Medium,Akola
9,2024,420.0,461.0,154.0,187.0,84.0,86.0,37.0,43.0,34.0,35.0,30.0,27.0,81.0,83.0,-41.0,-33.0,440.5,170.5,41.0,33.0,0,Low,Alappuzha
10,2024,286.0,264.0,107.0,153.0,52.0,36.0,30.0,11.0,29.0,10.0,12.0,12.0,55.0,42.0,22.0,-46.0,275.0,130.0,22.0,46.0,1,Medium,Aligarh
11,2024,350.0,343.0,134.0,153.0,78.0,77.0,36.0,34.0,35.0,32.0,19.0,4.0,50.0,43.0,7.0,-19.0,346.5,143.5,7.0,19.0,1,Medium,Alipurduar
12,2024,279.0,287.0,78.0,80.0,79.0,77.0,32.0,37.0,35.0,30.0,5.0,9.0,49.0,54.0,-8.0,-2.0,283.0,79.0,8.0,2.0,1,Medium,Alirajpur
15,2024,317.0,362.0,122.0,159.0,79.0,81.0,34.0,39.0,23.0,25.0,7.0,6.0,52.0,52.0,-45.0,-37.0,339.5,140.5,45.0,37.0,1,Medium,Almora
16,2024,431.0,440.0,186.0,196.0,85.0,84.0,42.0,42.0,35.0,35.0,20.0,22.0,62.0,61.0,-9.0,-10.0,435.5,191.0,9.0,10.0,1,Medium,Alwar
17,2024,329.0,344.0,126.0,142.0,66.0,62.0,39.0,40.0,28.0,26.0,13.0,13.0,59.0,61.0,-15.0,-16.0,336.5,134.0,15.0,16.0,1,Medium,Ambala
18,2024,326.0,419.0,116.0,196.0,71.0,83.0,34.0,40.0,30.0,31.0,14.0,6.0,61.0,63.0,-93.0,-80.0,372.5,156.0,93.0,80.0,1,Medium,Ambedkar Nagar
22,2024,402.0,397.0,155.0,155.0,86.0,86.0,45.0,47.0,35.0,30.0,22.0,20.0,59.0,59.0,5.0,0.0,399.5,155.0,5.0,0.0,1,Medium,Amravati
23,2024,373.0,388.0,126.0,159.0,77.0,73.0,38.0,33.0,25.0,25.0,28.0,28.0,79.0,70.0,-15.0,-33.0,380.5,142.5,15.0,33.0,0,Low,Amreli
24,2024,438.0,442.0,185.0,156.0,85.0,87.0,42.0,50.0,27.0,30.0,30.0,39.0,69.0,80.0,-4.0,29.0,440.0,170.5,4.0,29.0,0,Low,Amritsar
26,2024,411.0,434.0,142.0,174.0,86.0,86.0,45.0,43.0,32.0,28.0,27.0,25.0,79.0,78.0,-23.0,-32.0,422.5,158.0,23.0,32.0,0,Low,Anand
29,2024,341.0,304.0,163.0,131.0,68.0,62.0,30.0,34.0,19.0,16.0,6.0,6.0,55.0,55.0,37.0,32.0,322.5,147.0,37.0,32.0,1,Medium,Anantnag
31,2024,395.0,420.0,166.0,186.0,85.0,86.0,45.0,45.0,30.0,30.0,8.0,5.0,61.0,68.0,-25.0,-20.0,407.5,176.0,25.0,20.0,1,Medium,Angul
32,2024,275.0,238.0,106.0,103.0,62.0,60.0,27.0,34.0,21.0,6.0,5.0,1.0,54.0,34.0,37.0,3.0,256.5,104.5,37.0,3.0,1,Medium,Anjaw
35,2024,296.0,320.0,106.0,127.0,79.0,73.0,31.0,35.0,30.0,29.0,5.0,3.0,46.0,53.0,-24.0,-21.0,308.0,116.5,24.0,21.0,1,Medium,Anuppur
36,2024,226.0,302.0,90.0,134.0,54.0,66.0,27.0,28.0,18.0,27.0,1.0,2.0,37.0,45.0,-76.0,-44.0,264.0,112.0,76.0,44.0,1,Medium,Araria
37,2024,407.0,438.0,142.0,175.0,83.0,83.0,46.0,42.0,35.0,35.0,25.0,21.0,77.0,82.0,-31.0,-33.0,422.5,158.5,31.0,33.0,0,Low,Aravalli
38,2024,389.0,338.0,141.0,100.0,82.0,76.0,40.0,43.0,25.0,25.0,16.0,16.0,84.0,78.0,51.0,41.0,363.5,120.5,51.0,41.0,0,Low,Ariyalur
39,2024,305.0,335.0,123.0,144.0,77.0,79.0,25.0,29.0,25.0,24.0,4.0,4.0,50.0,55.0,-30.0,-21.0,320.0,133.5,30.0,21.0,1,Medium,Arwal
40,2024,311.0,321.0,99.0,131.0,79.0,71.0,31.0,34.0,31.0,20.0,7.0,4.0,63.0,61.0,-10.0,-32.0,316.0,115.0,10.0,32.0,1,Medium,Ashoknagar
41,2024,334.0,367.0,141.0,179.0,74.0,71.0,25.0,26.0,29.0,27.0,6.0,3.0,60.0,61.0,-33.0,-38.0,350.5,160.0,33.0,38.0,1,Medium,Auraiya
42,2024,296.0,332.0,122.0,146.0,74.0,77.0,18.0,27.0,25.0,24.0,3.0,5.0,53.0,53.0,-36.0,-24.0,314.0,134.0,36.0,24.0,1,Medium,Aurangabad (Bihar)
44,2024,335.0,339.0,128.0,165.0,72.0,64.0,30.0,31.0,33.0,23.0,6.0,3.0,65.0,53.0,-4.0,-37.0,337.0,146.5,4.0,37.0,1,Medium,Azamgarh
45,2024,313.0,295.0,132.0,146.0,68.0,48.0,31.0,33.0,17.0,10.0,10.0,7.0,55.0,51.0,18.0,-14.0,304.0,139.0,18.0,14.0,1,Medium,Badgam
48,2024,348.0,389.0,123.0,164.0,85.0,79.0,36.0,42.0,30.0,34.0,15.0,8.0,59.0,62.0,-41.0,-41.0,368.5,143.5,41.0,41.0,1,Medium,Bageshwar
49,2024,329.0,343.0,111.0,146.0,81.0,79.0,35.0,35.0,35.0,18.0,12.0,17.0,55.0,48.0,-14.0,-35.0,336.0,128.5,14.0,35.0,1,Medium,Baghpat
50,2024,327.0,309.0,124.0,124.0,78.0,76.0,38.0,36.0,32.0,27.0,3.0,3.0,53.0,43.0,18.0,0.0,318.0,124.0,18.0,0.0,1,Medium,Bahraich
52,2024,304.0,283.0,131.0,137.0,61.0,59.0,39.0,32.0,20.0,19.0,3.0,2.0,50.0,34.0,21.0,-6.0,293.5,134.0,21.0,6.0,1,Medium,Baksa
53,2024,335.0,318.0,126.0,145.0,82.0,69.0,38.0,38.0,30.0,20.0,6.0,3.0,53.0,43.0,17.0,-19.0,326.5,135.5,17.0,19.0,1,Medium,Balaghat
55,2024,390.0,414.0,159.0,192.0,82.0,79.0,45.0,45.0,32.0,28.0,7.0,4.0,63.0,66.0,-24.0,-33.0,402.0,175.5,24.0,33.0,1,Medium,Balasore
56,2024,366.0,411.0,137.0,191.0,85.0,83.0,30.0,40.0,35.0,30.0,17.0,13.0,63.0,54.0,-45.0,-54.0,388.5,164.0,45.0,54.0,1,Medium,Ballari
57,2024,348.0,366.0,143.0,172.0,82.0,74.0,36.0,33.0,28.0,25.0,7.0,3.0,52.0,59.0,-18.0,-29.0,357.0,157.5,18.0,29.0,1,Medium,Ballia
58,2024,350.0,391.0,126.0,159.0,83.0,81.0,41.0,45.0,28.0,27.0,9.0,12.0,63.0,67.0,-41.0,-33.0,370.5,142.5,41.0,33.0,1,Medium,Balod
66,2024,358.0,430.0,117.0,180.0,72.0,73.0,37.0,43.0,34.0,34.0,27.0,26.0,72.0,74.0,-72.0,-63.0,394.0,148.5,72.0,63.0,0,Low,Banas Kantha
67,2024,287.0,300.0,109.0,116.0,71.0,71.0,26.0,37.0,26.0,26.0,6.0,5.0,49.0,45.0,-13.0,-7.0,293.5,112.5,13.0,7.0,1,Medium,Banda
68,2024,311.0,321.0,132.0,145.0,65.0,79.0,33.0,37.0,19.0,21.0,7.0,6.0,55.0,33.0,-10.0,-13.0,316.0,138.5,10.0,13.0,1,Medium,Bandipora
69,2024,246.0,288.0,99.0,133.0,72.0,77.0,33.0,24.0,16.0,20.0,3.0,3.0,23.0,31.0,-42.0,-34.0,267.0,116.0,42.0,34.0,1,Medium,Banka
70,2024,380.0,348.0,160.0,156.0,78.0,73.0,31.0,36.0,35.0,17.0,18.0,10.0,58.0,56.0,32.0,4.0,364.0,158.0,32.0,4.0,1,Medium,Bankura
71,2024,360.0,392.0,137.0,154.0,84.0,84.0,31.0,39.0,34.0,35.0,18.0,23.0,57.0,57.0,-32.0,-17.0,376.0,145.5,32.0,17.0,1,Medium,Banswara
73,2024,334.0,398.0,123.0,189.0,81.0,83.0,37.0,30.0,30.0,35.0,7.0,5.0,55.0,56.0,-64.0,-66.0,366.0,156.0,64.0,66.0,1,Medium,Barabanki
74,2024,407.0,318.0,165.0,150.0,81.0,74.0,45.0,38.0,34.0,21.0,15.0,6.0,67.0,28.0,89.0,15.0,362.5,157.5,89.0,15.0,0,Low,Baragarh
77,2024,364.0,432.0,155.0,194.0,82.0,83.0,24.0,36.0,32.0,35.0,9.0,23.0,63.0,61.0,-68.0,-39.0,398.0,174.5,68.0,39.0,1,Medium,Baran
78,2024,355.0,363.0,118.0,145.0,86.0,86.0,42.0,41.0,35.0,30.0,15.0,13.0,60.0,48.0,-8.0,-27.0,359.0,131.5,8.0,27.0,1,Medium,Bareilly
80,2024,405.0,438.0,171.0,194.0,85.0,84.0,38.0,42.0,35.0,35.0,15.0,24.0,61.0,59.0,-33.0,-23.0,421.5,182.5,33.0,23.0,1,Medium,Barmer
81,2024,468.0,426.0,212.0,151.0,85.0,83.0,40.0,52.0,28.0,29.0,31.0,39.0,72.0,72.0,42.0,61.0,447.0,181.5,42.0,61.0,0,Low,Barnala
82,2024,326.0,333.0,134.0,163.0,61.0,46.0,37.0,38.0,21.0,20.0,3.0,3.0,70.0,63.0,-7.0,-29.0,329.5,148.5,7.0,29.0,1,Medium,Barpeta
83,2024,293.0,316.0,96.0,121.0,79.0,75.0,32.0,35.0,30.0,24.0,4.0,3.0,51.0,58.0,-23.0,-25.0,304.5,108.5,23.0,25.0,1,Medium,Barwani
84,2024,336.0,373.0,111.0,152.0,79.0,76.0,41.0,44.0,30.0,31.0,6.0,4.0,68.0,66.0,-37.0,-41.0,354.5,131.5,37.0,41.0,1,Medium,Baster
85,2024,352.0,347.0,131.0,148.0,83.0,69.0,34.0,25.0,35.0,33.0,8.0,12.0,61.0,60.0,5.0,-17.0,349.5,139.5,5.0,17.0,1,Medium,Basti
86,2024,443.0,437.0,181.0,159.0,83.0,84.0,42.0,51.0,34.0,26.0,31.0,39.0,72.0,78.0,6.0,22.0,440.0,170.0,6.0,22.0,0,Low,Bathinda
89,2024,294.0,335.0,130.0,155.0,74.0,71.0,26.0,28.0,25.0,25.0,4.0,3.0,34.0,53.0,-41.0,-25.0,314.5,142.5,41.0,25.0,1,Medium,Begusarai
90,2024,358.0,432.0,129.0,209.0,80.0,80.0,41.0,40.0,33.0,31.0,14.0,11.0,62.0,61.0,-74.0,-80.0,395.0,169.0,74.0,80.0,1,Medium,Belagavi
91,2024,409.0,437.0,190.0,219.0,83.0,82.0,37.0,39.0,30.0,30.0,11.0,10.0,58.0,57.0,-28.0,-29.0,423.0,204.5,28.0,29.0,1,Medium,Belagavi Chikkodi
92,2024,347.0,372.0,116.0,153.0,83.0,80.0,43.0,43.0,31.0,24.0,9.0,7.0,64.0,65.0,-25.0,-37.0,359.5,134.5,25.0,37.0,1,Medium,Bemetara
93,2024,380.0,430.0,142.0,190.0,84.0,84.0,42.0,46.0,35.0,35.0,13.0,13.0,64.0,62.0,-50.0,-48.0,405.0,166.0,50.0,48.0,1,Medium,Bengaluru Rural
99,2024,343.0,340.0,120.0,139.0,80.0,75.0,35.0,37.0,31.0,25.0,9.0,4.0,68.0,60.0,3.0,-19.0,341.5,129.5,3.0,19.0,1,Medium,Betul
100,2024,330.0,378.0,118.0,173.0,78.0,81.0,32.0,29.0,32.0,35.0,12.0,6.0,58.0,54.0,-48.0,-55.0,354.0,145.5,48.0,55.0,1,Medium,Bhadoi
103,2024,403.0,430.0,160.0,189.0,86.0,85.0,45.0,44.0,34.0,33.0,13.0,8.0,66.0,71.0,-27.0,-29.0,416.5,174.5,27.0,29.0,1,Medium,Bhadrak
104,2024,280.0,320.0,117.0,139.0,73.0,72.0,23.0,23.0,33.0,33.0,5.0,4.0,29.0,49.0,-40.0,-22.0,300.0,128.0,40.0,22.0,1,Medium,Bhagalpur
105,2024,393.0,414.0,150.0,162.0,84.0,84.0,46.0,48.0,35.0,34.0,20.0,26.0,59.0,60.0,-21.0,-12.0,403.5,156.0,21.0,12.0,1,Medium,Bhandara
106,2024,346.0,438.0,149.0,201.0,71.0,84.0,36.0,43.0,16.0,35.0,16.0,19.0,59.0,56.0,-92.0,-52.0,392.0,175.0,92.0,52.0,1,Medium,Bharatpur
107,2024,399.0,413.0,137.0,154.0,82.0,83.0,38.0,43.0,34.0,35.0,26.0,23.0,82.0,75.0,-14.0,-17.0,406.0,145.5,14.0,17.0,0,Low,Bharuch
108,2024,374.0,441.0,120.0,188.0,83.0,85.0,40.0,35.0,22.0,21.0,30.0,31.0,79.0,81.0,-67.0,-68.0,407.5,154.0,67.0,68.0,0,Low,Bhavnagar
109,2024,377.0,432.0,153.0,187.0,84.0,86.0,33.0,42.0,35.0,35.0,12.0,25.0,61.0,57.0,-55.0,-34.0,404.5,170.0,55.0,34.0,1,Medium,Bhilwara
110,2024,377.0,319.0,168.0,125.0,79.0,83.0,35.0,38.0,35.0,30.0,5.0,4.0,55.0,39.0,58.0,43.0,348.0,146.5,58.0,43.0,1,Medium,Bhind
111,2024,357.0,364.0,136.0,137.0,83.0,83.0,44.0,43.0,20.0,22.0,13.0,12.0,61.0,67.0,-7.0,-1.0,360.5,136.5,7.0,1.0,1,Medium,Bhiwani
112,2024,308.0,315.0,129.0,129.0,73.0,70.0,25.0,26.0,30.0,30.0,5.0,5.0,46.0,55.0,-7.0,0.0,311.5,129.0,7.0,0.0,1,Medium,Bhojpur
113,2024,351.0,374.0,138.0,150.0,80.0,83.0,35.0,39.0,35.0,35.0,14.0,13.0,49.0,54.0,-23.0,-12.0,362.5,144.0,23.0,12.0,1,Medium,Bhopal
115,2024,358.0,396.0,140.0,172.0,83.0,83.0,43.0,43.0,33.0,34.0,15.0,22.0,44.0,42.0,-38.0,-32.0,377.0,156.0,38.0,32.0,1,Medium,Bidar
116,2024,335.0,345.0,107.0,118.0,81.0,80.0,44.0,42.0,34.0,32.0,8.0,5.0,61.0,68.0,-10.0,-11.0,340.0,112.5,10.0,11.0,1,Medium,Bijapur
117,2024,337.0,387.0,110.0,167.0,84.0,84.0,37.0,37.0,35.0,35.0,13.0,7.0,57.0,57.0,-50.0,-57.0,362.0,138.5,50.0,57.0,1,Medium,Bijnor
118,2024,396.0,431.0,160.0,185.0,86.0,86.0,38.0,41.0,35.0,35.0,17.0,24.0,61.0,60.0,-35.0,-25.0,413.5,172.5,35.0,25.0,1,Medium,Bikaner
119,2024,345.0,366.0,117.0,146.0,80.0,78.0,42.0,42.0,30.0,28.0,12.0,8.0,65.0,64.0,-21.0,-29.0,355.5,131.5,21.0,29.0,1,Medium,Bilaspur
120,2024,358.0,343.0,142.0,159.0,86.0,84.0,43.0,45.0,25.0,0.0,10.0,11.0,53.0,44.0,15.0,-17.0,350.5,150.5,15.0,17.0,1,Medium,Bilaspur (H.P.)
121,2024,343.0,347.0,120.0,138.0,78.0,77.0,41.0,39.0,31.0,29.0,20.0,4.0,54.0,60.0,-4.0,-18.0,345.0,129.0,4.0,18.0,1,Medium,Birbhum
122,2024,262.0,245.0,112.0,128.0,45.0,28.0,36.0,37.0,6.0,6.0,11.0,9.0,52.0,37.0,17.0,-16.0,253.5,120.0,17.0,16.0,1,Medium,Bishnupur
123,2024,329.0,364.0,106.0,154.0,78.0,76.0,43.0,41.0,24.0,34.0,4.0,3.0,75.0,56.0,-35.0,-48.0,346.5,130.0,35.0,48.0,1,Medium,Biswanath
124,2024,310.0,267.0,135.0,168.0,66.0,33.0,29.0,18.0,11.0,6.0,11.0,10.0,58.0,32.0,43.0,-33.0,288.5,151.5,43.0,33.0,1,Medium,Bokaro
126,2024,304.0,358.0,115.0,172.0,71.0,67.0,38.0,33.0,18.0,24.0,4.0,3.0,59.0,59.0,-54.0,-57.0,331.0,143.5,54.0,57.0,1,Medium,Bongaigaon
127,2024,408.0,455.0,139.0,194.0,83.0,80.0,43.0,40.0,33.0,35.0,31.0,30.0,79.0,76.0,-47.0,-55.0,431.5,166.5,47.0,55.0,0,Low,Botad
128,2024,347.0,393.0,120.0,166.0,83.0,84.0,43.0,45.0,30.0,29.0,9.0,6.0,61.0,63.0,-46.0,-46.0,370.0,143.0,46.0,46.0,1,Medium,Boudh
129,2024,304.0,321.0,91.0,116.0,82.0,81.0,36.0,32.0,30.0,30.0,7.0,4.0,58.0,58.0,-17.0,-25.0,312.5,103.5,17.0,25.0,1,Medium,Budaun
130,2024,366.0,340.0,137.0,124.0,84.0,84.0,43.0,38.0,35.0,35.0,15.0,7.0,52.0,52.0,26.0,13.0,353.0,130.5,26.0,13.0,1,Medium,Bulandshahr
133,2024,427.0,439.0,182.0,195.0,85.0,84.0,45.0,41.0,34.0,35.0,16.0,24.0,64.0,60.0,-12.0,-13.0,433.0,188.5,12.0,13.0,1,Medium,Bundi
134,2024,311.0,348.0,102.0,145.0,80.0,75.0,33.0,37.0,35.0,33.0,8.0,5.0,53.0,53.0,-37.0,-43.0,329.5,123.5,37.0,43.0,1,Medium,Burhanpur
135,2024,298.0,313.0,119.0,139.0,75.0,72.0,23.0,22.0,29.0,24.0,4.0,4.0,47.0,52.0,-15.0,-20.0,305.5,129.0,15.0,20.0,1,Medium,Buxar
136,2024,291.0,364.0,119.0,168.0,64.0,75.0,36.0,42.0,20.0,19.0,4.0,3.0,49.0,57.0,-73.0,-49.0,327.5,143.5,73.0,49.0,1,Medium,Cachar
138,2024,418.0,419.0,150.0,152.0,86.0,86.0,45.0,46.0,35.0,35.0,27.0,25.0,75.0,75.0,-1.0,-2.0,418.5,151.0,1.0,2.0,0,Low,Central
142,2024,357.0,283.0,137.0,126.0,80.0,73.0,35.0,36.0,35.0,20.0,12.0,7.0,56.0,21.0,74.0,11.0,320.0,131.5,74.0,11.0,1,Medium,Chamba
143,2024,299.0,321.0,113.0,153.0,74.0,67.0,24.0,25.0,23.0,12.0,10.0,6.0,55.0,58.0,-22.0,-40.0,310.0,133.0,22.0,40.0,1,Medium,Chamoli
144,2024,349.0,332.0,132.0,136.0,82.0,81.0,37.0,21.0,31.0,30.0,11.0,8.0,57.0,56.0,17.0,-4.0,340.5,134.0,17.0,4.0,1,Medium,Champawat
145,2024,267.0,320.0,109.0,126.0,54.0,68.0,35.0,43.0,10.0,18.0,4.0,10.0,55.0,55.0,-53.0,-17.0,293.5,117.5,53.0,17.0,1,Medium,Champhai
146,2024,310.0,333.0,114.0,167.0,73.0,64.0,37.0,39.0,25.0,20.0,6.0,6.0,55.0,37.0,-23.0,-53.0,321.5,140.5,23.0,53.0,1,Medium,Chandauli
147,2024,254.0,245.0,111.0,138.0,54.0,32.0,35.0,36.0,10.0,4.0,3.0,4.0,42.0,31.0,9.0,-27.0,249.5,124.5,9.0,27.0,1,Medium,Chandel
148,2024,444.0,463.0,179.0,190.0,88.0,88.0,41.0,49.0,35.0,33.0,31.0,32.0,69.0,71.0,-19.0,-11.0,453.5,184.5,19.0,11.0,0,Low,Chandigarh
149,2024,401.0,397.0,150.0,148.0,85.0,85.0,47.0,48.0,35.0,35.0,22.0,30.0,61.0,51.0,4.0,2.0,399.0,149.0,4.0,2.0,1,Medium,Chandrapur
150,2024,258.0,250.0,82.0,78.0,63.0,62.0,39.0,39.0,19.0,20.0,6.0,5.0,47.0,46.0,8.0,4.0,254.0,80.0,8.0,4.0,1,Medium,Changlang
151,2024,353.0,342.0,140.0,155.0,71.0,69.0,47.0,39.0,27.0,27.0,3.0,3.0,64.0,49.0,11.0,-15.0,347.5,147.5,11.0,15.0,1,Medium,Charaideo
152,2024,345.0,363.0,127.0,141.0,85.0,78.0,43.0,44.0,21.0,19.0,14.0,13.0,55.0,68.0,-18.0,-14.0,354.0,134.0,18.0,14.0,1,Medium,Charkhi Dadri
153,2024,330.0,374.0,107.0,161.0,79.0,77.0,38.0,39.0,29.0,29.0,12.0,9.0,64.0,59.0,-44.0,-54.0,352.0,134.0,44.0,54.0,1,Medium,Chatra
155,2024,401.0,395.0,149.0,141.0,77.0,76.0,41.0,39.0,25.0,35.0,28.0,27.0,81.0,78.0,6.0,8.0,398.0,145.0,6.0,8.0,2,High,Chennai
157,2024,360.0,353.0,164.0,139.0,80.0,84.0,33.0,45.0,31.0,33.0,5.0,4.0,47.0,48.0,7.0,25.0,356.5,151.5,7.0,25.0,1,Medium,Chhatarpur
160,2024,348.0,315.0,131.0,146.0,82.0,69.0,36.0,36.0,35.0,6.0,7.0,4.0,57.0,54.0,33.0,-15.0,331.5,138.5,33.0,15.0,1,Medium,Chhindwara
161,2024,387.0,388.0,146.0,144.0,71.0,73.0,44.0,45.0,28.0,28.0,24.0,19.0,74.0,79.0,-1.0,2.0,387.5,145.0,1.0,2.0,0,Low,Chhotaudepur
162,2024,344.0,400.0,113.0,166.0,85.0,83.0,37.0,40.0,35.0,35.0,17.0,20.0,57.0,56.0,-56.0,-53.0,372.0,139.5,56.0,53.0,1,Medium,Chikkaballapura
163,2024,393.0,402.0,155.0,160.0,82.0,83.0,44.0,42.0,35.0,35.0,15.0,24.0,62.0,58.0,-9.0,-5.0,397.5,157.5,9.0,5.0,1,Medium,Chikkamangaluru
164,2024,248.0,291.0,92.0,141.0,46.0,46.0,35.0,34.0,17.0,17.0,5.0,4.0,53.0,49.0,-43.0,-49.0,269.5,116.5,43.0,49.0,1,Medium,Chirang
165,2024,385.0,428.0,157.0,199.0,81.0,82.0,38.0,43.0,35.0,31.0,12.0,13.0,62.0,60.0,-43.0,-42.0,406.5,178.0,43.0,42.0,1,Medium,Chitradurga
166,2024,304.0,307.0,117.0,133.0,70.0,82.0,33.0,14.0,23.0,23.0,4.0,4.0,57.0,51.0,-3.0,-16.0,305.5,125.0,3.0,16.0,1,Medium,Chitrakoot
167,2024,416.0,435.0,167.0,186.0,86.0,86.0,44.0,43.0,35.0,35.0,21.0,25.0,63.0,60.0,-19.0,-19.0,425.5,176.5,19.0,19.0,1,Medium,Chittaurgarh
168,2024,385.0,397.0,139.0,162.0,83.0,80.0,42.0,37.0,35.0,35.0,16.0,11.0,69.0,72.0,-12.0,-23.0,391.0,150.5,12.0,23.0,1,Medium,Chittoor
169,2024,293.0,250.0,132.0,131.0,59.0,38.0,38.0,38.0,7.0,3.0,5.0,8.0,51.0,32.0,43.0,1.0,271.5,131.5,43.0,1.0,1,Medium,Churachandpur
170,2024,352.0,427.0,168.0,203.0,56.0,81.0,34.0,39.0,19.0,35.0,21.0,16.0,55.0,53.0,-75.0,-35.0,389.5,185.5,75.0,35.0,1,Medium,Churu
171,2024,391.0,402.0,148.0,161.0,80.0,76.0,40.0,44.0,25.0,25.0,19.0,21.0,79.0,75.0,-11.0,-13.0,396.5,154.5,11.0,13.0,0,Low,Coimbatore
175,2024,387.0,387.0,140.0,148.0,82.0,76.0,41.0,44.0,28.0,25.0,18.0,16.0,79.0,78.0,0.0,-8.0,387.0,144.0,0.0,8.0,0,Low,Cuddalore
176,2024,411.0,441.0,178.0,209.0,85.0,85.0,45.0,42.0,35.0,26.0,15.0,8.0,53.0,71.0,-30.0,-31.0,426.0,193.5,30.0,31.0,1,Medium,Cuttack
180,2024,380.0,395.0,142.0,162.0,82.0,82.0,42.0,43.0,35.0,34.0,23.0,15.0,56.0,59.0,-15.0,-20.0,387.5,152.0,15.0,20.0,1,Medium,Dakshin Dinajpur
181,2024,402.0,417.0,146.0,171.0,86.0,85.0,48.0,42.0,35.0,33.0,21.0,25.0,68.0,61.0,-15.0,-25.0,409.5,158.5,15.0,25.0,1,Medium,Dakshina Kannada
184,2024,373.0,342.0,174.0,144.0,78.0,80.0,31.0,38.0,35.0,33.0,6.0,5.0,49.0,42.0,31.0,30.0,357.5,159.0,31.0,30.0,1,Medium,Damoh
186,2024,349.0,365.0,100.0,134.0,84.0,83.0,46.0,46.0,34.0,27.0,14.0,5.0,70.0,70.0,-16.0,-34.0,357.0,117.0,16.0,34.0,1,Medium,Dantewada
187,2024,298.0,300.0,128.0,123.0,71.0,75.0,20.0,24.0,29.0,26.0,3.0,3.0,45.0,49.0,-2.0,5.0,299.0,125.5,2.0,5.0,1,Medium,Darbhanga
190,2024,335.0,367.0,107.0,154.0,80.0,75.0,45.0,41.0,28.0,27.0,4.0,5.0,71.0,65.0,-32.0,-47.0,351.0,130.5,32.0,47.0,1,Medium,Darrang
191,2024,325.0,337.0,123.0,124.0,80.0,81.0,34.0,38.0,30.0,28.0,5.0,5.0,52.0,61.0,-12.0,-1.0,331.0,123.5,12.0,1.0,1,Medium,Datia
192,2024,394.0,448.0,171.0,211.0,80.0,81.0,35.0,42.0,34.0,35.0,13.0,18.0,61.0,61.0,-54.0,-40.0,421.0,191.0,54.0,40.0,1,Medium,Dausa
193,2024,363.0,420.0,144.0,198.0,80.0,83.0,40.0,35.0,32.0,33.0,12.0,12.0,56.0,59.0,-57.0,-54.0,391.5,171.0,57.0,54.0,1,Medium,Davanagere
195,2024,364.0,375.0,146.0,166.0,81.0,79.0,38.0,40.0,28.0,20.0,16.0,14.0,56.0,56.0,-11.0,-20.0,369.5,156.0,11.0,20.0,1,Medium,Dehradun
196,2024,363.0,397.0,135.0,166.0,80.0,81.0,45.0,44.0,31.0,32.0,7.0,5.0,65.0,69.0,-34.0,-31.0,380.0,150.5,34.0,31.0,1,Medium,Deogarh
197,2024,318.0,340.0,132.0,162.0,79.0,79.0,37.0,33.0,10.0,10.0,7.0,6.0,54.0,50.0,-22.0,-30.0,329.0,147.0,22.0,30.0,1,Medium,Deoghar
198,2024,376.0,378.0,150.0,148.0,84.0,85.0,35.0,44.0,35.0,35.0,9.0,4.0,62.0,62.0,-2.0,2.0,377.0,149.0,2.0,2.0,1,Medium,Deoria
201,2024,333.0,363.0,114.0,151.0,80.0,80.0,37.0,35.0,35.0,30.0,8.0,3.0,59.0,64.0,-30.0,-37.0,348.0,132.5,30.0,37.0,1,Medium,Dewas
202,2024,313.0,321.0,100.0,119.0,69.0,70.0,43.0,40.0,31.0,30.0,5.0,5.0,65.0,57.0,-8.0,-19.0,317.0,109.5,8.0,19.0,1,Medium,Dhalai
203,2024,366.0,393.0,117.0,141.0,83.0,82.0,44.0,47.0,34.0,31.0,15.0,21.0,73.0,71.0,-27.0,-24.0,379.5,129.0,27.0,24.0,1,Medium,Dhamtari
204,2024,324.0,388.0,120.0,186.0,73.0,70.0,36.0,40.0,22.0,21.0,9.0,8.0,64.0,63.0,-64.0,-66.0,356.0,153.0,64.0,66.0,1,Medium,Dhanbad
205,2024,343.0,326.0,128.0,136.0,79.0,69.0,38.0,37.0,33.0,24.0,7.0,4.0,58.0,56.0,17.0,-8.0,334.5,132.0,17.0,8.0,1,Medium,Dhar
207,2024,369.0,418.0,131.0,177.0,82.0,76.0,40.0,44.0,25.0,25.0,9.0,16.0,82.0,80.0,-49.0,-46.0,393.5,154.0,49.0,46.0,0,Low,Dharmapuri
208,2024,376.0,446.0,137.0,205.0,86.0,85.0,38.0,39.0,35.0,35.0,17.0,19.0,63.0,63.0,-70.0,-68.0,411.0,171.0,70.0,68.0,1,Medium,Dharwad
209,2024,444.0,453.0,212.0,217.0,83.0,82.0,34.0,36.0,33.0,35.0,19.0,24.0,62.0,59.0,-9.0,-5.0,448.5,214.5,9.0,5.0,0,Low,Dhaulpur
210,2024,330.0,310.0,133.0,134.0,74.0,58.0,41.0,42.0,21.0,20.0,4.0,3.0,57.0,53.0,20.0,-1.0,320.0,133.5,20.0,1.0,1,Medium,Dhemaji
211,2024,386.0,407.0,150.0,172.0,85.0,85.0,47.0,45.0,35.0,32.0,8.0,6.0,61.0,67.0,-21.0,-22.0,396.5,161.0,21.0,22.0,1,Medium,Dhenkanal
212,2024,293.0,308.0,132.0,154.0,52.0,58.0,38.0,33.0,9.0,11.0,3.0,2.0,59.0,50.0,-15.0,-22.0,300.5,143.0,15.0,22.0,1,Medium,Dhubri
213,2024,399.0,399.0,161.0,177.0,85.0,81.0,44.0,40.0,35.0,25.0,19.0,17.0,55.0,59.0,0.0,-16.0,399.0,169.0,0.0,16.0,1,Medium,Dhule
214,2024,266.0,249.0,99.0,97.0,65.0,48.0,34.0,37.0,13.0,16.0,4.0,4.0,51.0,47.0,17.0,2.0,257.5,98.0,17.0,2.0,1,Medium,Dibang Valley
215,2024,351.0,378.0,128.0,155.0,85.0,86.0,37.0,39.0,32.0,34.0,6.0,5.0,62.0,59.0,-27.0,-27.0,364.5,141.5,27.0,27.0,1,Medium,Dibrugarh
217,2024,322.0,358.0,145.0,162.0,74.0,78.0,30.0,37.0,25.0,30.0,3.0,2.0,45.0,49.0,-36.0,-17.0,340.0,153.5,36.0,17.0,1,Medium,Dima Hasao
218,2024,296.0,261.0,121.0,101.0,68.0,59.0,40.0,38.0,16.0,13.0,15.0,14.0,36.0,36.0,35.0,20.0,278.5,111.0,35.0,20.0,1,Medium,Dimapur
219,2024,379.0,404.0,141.0,171.0,79.0,77.0,38.0,43.0,25.0,25.0,16.0,14.0,80.0,74.0,-25.0,-30.0,391.5,156.0,25.0,30.0,0,Low,Dindigul
220,2024,325.0,327.0,116.0,116.0,79.0,83.0,37.0,43.0,35.0,31.0,5.0,2.0,53.0,52.0,-2.0,0.0,326.0,116.0,2.0,0.0,1,Medium,Dindori
223,2024,279.0,282.0,109.0,109.0,71.0,75.0,37.0,35.0,21.0,25.0,7.0,7.0,34.0,31.0,-3.0,0.0,280.5,109.0,3.0,0.0,1,Medium,Doda
224,2024,389.0,422.0,131.0,176.0,86.0,74.0,42.0,46.0,29.0,26.0,21.0,20.0,81.0,80.0,-33.0,-45.0,405.5,153.5,33.0,45.0,0,Low,Dohad
228,2024,224.0,243.0,106.0,144.0,48.0,38.0,29.0,27.0,0.0,0.0,5.0,3.0,37.0,31.0,-19.0,-38.0,233.5,125.0,19.0,38.0,1,Medium,Dumka
229,2024,377.0,419.0,139.0,182.0,85.0,84.0,40.0,41.0,35.0,35.0,19.0,19.0,59.0,58.0,-42.0,-43.0,398.0,160.5,42.0,43.0,1,Medium,Dungarpur
230,2024,382.0,402.0,138.0,163.0,85.0,85.0,45.0,45.0,30.0,27.0,13.0,12.0,71.0,70.0,-20.0,-25.0,392.0,150.5,20.0,25.0,1,Medium,Durg
231,2024,428.0,429.0,157.0,160.0,88.0,88.0,46.0,44.0,35.0,35.0,29.0,27.0,73.0,75.0,-1.0,-3.0,428.5,158.5,1.0,3.0,0,Low,East
233,2024,221.0,196.0,85.0,90.0,41.0,39.0,28.0,7.0,19.0,16.0,4.0,2.0,45.0,42.0,25.0,-5.0,208.5,87.5,25.0,5.0,0,Low,East Garo Hills
234,2024,383.0,407.0,149.0,211.0,85.0,77.0,32.0,42.0,35.0,32.0,12.0,8.0,69.0,37.0,-24.0,-62.0,395.0,180.0,24.0,62.0,1,Medium,East Godavari
235,2024,213.0,208.0,91.0,105.0,27.0,27.0,30.0,22.0,6.0,6.0,5.0,3.0,54.0,45.0,5.0,-14.0,210.5,98.0,5.0,14.0,1,Medium,East Jaintia Hills
236,2024,263.0,241.0,91.0,99.0,61.0,53.0,33.0,32.0,20.0,6.0,6.0,2.0,53.0,49.0,22.0,-8.0,252.0,95.0,22.0,8.0,1,Medium,East Kameng
237,2024,282.0,259.0,123.0,127.0,49.0,44.0,34.0,22.0,10.0,10.0,7.0,6.0,59.0,50.0,23.0,-4.0,270.5,125.0,23.0,4.0,1,Medium,East Khasi Hills
238,2024,306.0,266.0,117.0,94.0,64.0,60.0,41.0,34.0,25.0,17.0,9.0,7.0,50.0,54.0,40.0,23.0,286.0,105.5,40.0,23.0,1,Medium,East Siang
242,2024,437.0,463.0,173.0,188.0,86.0,86.0,38.0,48.0,31.0,35.0,31.0,28.0,77.0,78.0,-26.0,-15.0,450.0,180.5,26.0,15.0,0,Low,Ernakulam
243,2024,388.0,413.0,148.0,170.0,80.0,77.0,42.0,45.0,25.0,25.0,15.0,17.0,79.0,79.0,-25.0,-22.0,400.5,159.0,25.0,22.0,0,Low,Erode
244,2024,327.0,319.0,123.0,107.0,76.0,75.0,32.0,36.0,30.0,29.0,6.0,13.0,59.0,59.0,8.0,16.0,323.0,115.0,8.0,16.0,1,Medium,Etah
245,2024,334.0,363.0,132.0,174.0,77.0,79.0,25.0,40.0,35.0,34.0,7.0,4.0,58.0,32.0,-29.0,-42.0,348.5,153.0,29.0,42.0,1,Medium,Etawah
246,2024,331.0,337.0,125.0,147.0,74.0,57.0,31.0,36.0,29.0,31.0,13.0,6.0,58.0,60.0,-6.0,-22.0,334.0,136.0,6.0,22.0,1,Medium,Faizabad
247,2024,369.0,388.0,147.0,156.0,80.0,77.0,40.0,42.0,18.0,23.0,24.0,22.0,62.0,68.0,-19.0,-9.0,378.5,151.5,19.0,9.0,1,Medium,Faridabad
248,2024,427.0,430.0,177.0,161.0,84.0,83.0,46.0,50.0,22.0,26.0,31.0,40.0,67.0,70.0,-3.0,16.0,428.5,169.0,3.0,16.0,0,Low,Faridkot
249,2024,371.0,379.0,147.0,154.0,81.0,82.0,41.0,35.0,35.0,35.0,9.0,12.0,57.0,61.0,-8.0,-7.0,375.0,150.5,8.0,7.0,1,Medium,Farrukhabad
250,2024,360.0,383.0,143.0,144.0,76.0,86.0,40.0,44.0,27.0,28.0,14.0,13.0,60.0,68.0,-23.0,-1.0,371.5,143.5,23.0,1.0,1,Medium,Fatehabad
251,2024,431.0,421.0,173.0,152.0,86.0,83.0,47.0,51.0,25.0,25.0,31.0,40.0,69.0,70.0,10.0,21.0,426.0,162.5,10.0,21.0,0,Low,Fatehgarh Sahib
252,2024,311.0,343.0,118.0,143.0,68.0,72.0,36.0,39.0,31.0,31.0,4.0,3.0,54.0,55.0,-32.0,-25.0,327.0,130.5,32.0,25.0,1,Medium,Fatehpur
253,2024,422.0,439.0,164.0,170.0,86.0,83.0,47.0,51.0,24.0,26.0,29.0,38.0,72.0,71.0,-17.0,-6.0,430.5,167.0,17.0,6.0,0,Low,Fazilka
254,2024,357.0,357.0,130.0,134.0,83.0,84.0,43.0,36.0,30.0,30.0,10.0,14.0,60.0,59.0,0.0,-4.0,357.0,132.0,0.0,4.0,1,Medium,Firozabad
255,2024,457.0,461.0,203.0,177.0,87.0,83.0,42.0,51.0,28.0,30.0,28.0,40.0,69.0,80.0,-4.0,26.0,459.0,190.0,4.0,26.0,2,High,Firozpur
256,2024,371.0,433.0,128.0,192.0,84.0,85.0,42.0,43.0,33.0,35.0,19.0,14.0,64.0,64.0,-62.0,-64.0,402.0,160.0,62.0,64.0,1,Medium,Gadag
257,2024,370.0,416.0,135.0,184.0,83.0,81.0,45.0,48.0,35.0,35.0,15.0,15.0,57.0,53.0,-46.0,-49.0,393.0,159.5,46.0,49.0,1,Medium,Gadchiroli
258,2024,360.0,368.0,152.0,147.0,80.0,80.0,40.0,45.0,28.0,31.0,4.0,4.0,56.0,61.0,-8.0,5.0,364.0,149.5,8.0,5.0,1,Medium,Gajapati
259,2024,324.0,319.0,123.0,120.0,82.0,77.0,36.0,39.0,23.0,24.0,9.0,8.0,51.0,51.0,5.0,3.0,321.5,121.5,5.0,3.0,1,Medium,Ganderbal
260,2024,341.0,406.0,108.0,148.0,67.0,76.0,42.0,35.0,19.0,35.0,30.0,31.0,75.0,81.0,-65.0,-40.0,373.5,128.0,65.0,40.0,0,Low,Gandhinagar
261,2024,421.0,430.0,171.0,182.0,86.0,86.0,43.0,42.0,35.0,35.0,22.0,24.0,63.0,61.0,-9.0,-11.0,425.5,176.5,9.0,11.0,0,Low,Ganganagar
264,2024,383.0,427.0,158.0,197.0,83.0,65.0,45.0,44.0,26.0,30.0,14.0,22.0,57.0,69.0,-44.0,-39.0,405.0,177.5,44.0,39.0,1,Medium,Ganjam
265,2024,368.0,311.0,154.0,141.0,81.0,61.0,28.0,31.0,34.0,15.0,15.0,5.0,57.0,58.0,57.0,13.0,339.5,147.5,57.0,13.0,1,Medium,Garhwa
266,2024,352.0,375.0,123.0,152.0,81.0,79.0,41.0,43.0,32.0,27.0,7.0,4.0,69.0,70.0,-23.0,-29.0,363.5,137.5,23.0,29.0,1,Medium,Gariaband
268,2024,386.0,402.0,149.0,162.0,84.0,83.0,37.0,42.0,34.0,35.0,22.0,18.0,60.0,62.0,-16.0,-13.0,394.0,155.5,16.0,13.0,1,Medium,Gautam Buddha Nagar
269,2024,253.0,299.0,110.0,134.0,73.0,72.0,24.0,25.0,18.0,19.0,5.0,5.0,23.0,44.0,-46.0,-24.0,276.0,122.0,46.0,24.0,1,Medium,Gaya
270,2024,362.0,373.0,137.0,153.0,86.0,79.0,36.0,39.0,32.0,28.0,21.0,19.0,52.0,55.0,-11.0,-16.0,367.5,145.0,11.0,16.0,1,Medium,Ghaziabad
271,2024,337.0,302.0,131.0,120.0,79.0,76.0,35.0,20.0,30.0,26.0,6.0,4.0,56.0,56.0,35.0,11.0,319.5,125.5,35.0,11.0,1,Medium,Ghazipur
272,2024,375.0,398.0,126.0,157.0,75.0,74.0,41.0,40.0,32.0,28.0,26.0,26.0,75.0,73.0,-23.0,-31.0,386.5,141.5,23.0,31.0,0,Low,Gir Somnath
273,2024,361.0,375.0,132.0,155.0,85.0,76.0,36.0,37.0,34.0,33.0,7.0,5.0,68.0,69.0,-14.0,-23.0,368.0,143.5,14.0,23.0,1,Medium,Giridih
274,2024,354.0,360.0,122.0,144.0,74.0,70.0,46.0,47.0,27.0,33.0,5.0,2.0,80.0,64.0,-6.0,-22.0,357.0,133.0,6.0,22.0,1,Medium,Goalpara
275,2024,262.0,324.0,107.0,161.0,61.0,67.0,24.0,25.0,9.0,7.0,5.0,5.0,55.0,59.0,-62.0,-54.0,293.0,134.0,62.0,54.0,1,Medium,Godda
276,2024,308.0,354.0,113.0,152.0,75.0,76.0,39.0,40.0,24.0,29.0,7.0,4.0,50.0,53.0,-46.0,-39.0,331.0,132.5,46.0,39.0,1,Medium,Golaghat
277,2024,229.0,284.0,97.0,141.0,50.0,54.0,32.0,37.0,19.0,16.0,6.0,3.0,26.0,33.0,-55.0,-44.0,256.5,119.0,55.0,44.0,1,Medium,Gomati
278,2024,347.0,387.0,130.0,169.0,80.0,78.0,33.0,31.0,35.0,35.0,9.0,14.0,60.0,60.0,-40.0,-39.0,367.0,149.5,40.0,39.0,1,Medium,Gonda
281,2024,269.0,333.0,129.0,160.0,66.0,76.0,26.0,24.0,18.0,21.0,2.0,3.0,28.0,49.0,-64.0,-31.0,301.0,144.5,64.0,31.0,1,Medium,Gopalganj
282,2024,371.0,380.0,141.0,146.0,85.0,85.0,37.0,40.0,35.0,35.0,12.0,16.0,60.0,58.0,-9.0,-5.0,375.5,143.5,9.0,5.0,1,Medium,Gorakhpur
284,2024,286.0,291.0,115.0,145.0,75.0,66.0,33.0,33.0,6.0,5.0,5.0,5.0,52.0,37.0,-5.0,-30.0,288.5,130.0,5.0,30.0,1,Medium,Gumla
285,2024,312.0,299.0,122.0,118.0,78.0,74.0,32.0,35.0,30.0,23.0,4.0,3.0,45.0,46.0,13.0,4.0,305.5,120.0,13.0,4.0,1,Medium,Guna
286,2024,393.0,425.0,146.0,183.0,86.0,83.0,36.0,40.0,35.0,34.0,16.0,8.0,74.0,77.0,-32.0,-37.0,409.0,164.5,32.0,37.0,0,Low,Guntur
287,2024,439.0,447.0,174.0,180.0,87.0,82.0,44.0,51.0,32.0,26.0,30.0,39.0,73.0,69.0,-8.0,-6.0,443.0,177.0,8.0,6.0,0,Low,Gurdaspur
288,2024,379.0,344.0,160.0,154.0,78.0,64.0,40.0,35.0,18.0,10.0,24.0,21.0,59.0,60.0,35.0,6.0,361.5,157.0,35.0,6.0,1,Medium,Gurugram
289,2024,339.0,340.0,129.0,125.0,85.0,79.0,30.0,41.0,30.0,24.0,12.0,10.0,53.0,61.0,-1.0,4.0,339.5,127.0,1.0,4.0,1,Medium,Gwalior
291,2024,316.0,349.0,127.0,168.0,76.0,71.0,38.0,34.0,14.0,15.0,3.0,2.0,59.0,59.0,-33.0,-41.0,332.5,147.5,33.0,41.0,1,Medium,Hailakandi
292,2024,314.0,346.0,120.0,154.0,78.0,78.0,46.0,43.0,11.0,15.0,14.0,13.0,46.0,43.0,-32.0,-34.0,330.0,137.0,32.0,34.0,1,Medium,Hamirpur (H.P.)
293,2024,307.0,340.0,111.0,159.0,73.0,70.0,36.0,38.0,26.0,22.0,4.0,3.0,58.0,48.0,-33.0,-48.0,323.5,135.0,33.0,48.0,1,Medium,Hamirpur (U.P.)
295,2024,386.0,437.0,145.0,187.0,86.0,86.0,41.0,43.0,35.0,35.0,22.0,25.0,58.0,61.0,-51.0,-42.0,411.5,166.0,51.0,42.0,1,Medium,Hanumangarh
296,2024,343.0,361.0,114.0,152.0,82.0,80.0,38.0,34.0,32.0,25.0,13.0,8.0,63.0,62.0,-18.0,-38.0,352.0,133.0,18.0,38.0,1,Medium,Hapur (Panchsheel Nagar)
297,2024,301.0,311.0,100.0,115.0,80.0,74.0,29.0,37.0,35.0,32.0,8.0,5.0,49.0,48.0,-10.0,-15.0,306.0,107.5,10.0,15.0,1,Medium,Harda
298,2024,327.0,320.0,106.0,106.0,83.0,84.0,37.0,33.0,35.0,33.0,6.0,7.0,60.0,57.0,7.0,0.0,323.5,106.0,7.0,0.0,1,Medium,Hardoi
301,2024,405.0,428.0,164.0,203.0,82.0,82.0,45.0,45.0,33.0,33.0,13.0,9.0,68.0,56.0,-23.0,-39.0,416.5,183.5,23.0,39.0,1,Medium,Hassan
302,2024,338.0,400.0,116.0,169.0,82.0,80.0,38.0,44.0,35.0,33.0,9.0,16.0,57.0,58.0,-62.0,-53.0,369.0,142.5,62.0,53.0,1,Medium,Hathras
303,2024,346.0,428.0,133.0,192.0,77.0,83.0,42.0,42.0,26.0,32.0,11.0,21.0,56.0,58.0,-82.0,-59.0,387.0,162.5,82.0,59.0,1,Medium,Haveri
304,2024,352.0,369.0,129.0,168.0,84.0,85.0,25.0,29.0,33.0,10.0,11.0,13.0,70.0,64.0,-17.0,-39.0,360.5,148.5,17.0,39.0,1,Medium,Hazaribag
305,2024,390.0,410.0,164.0,188.0,85.0,80.0,26.0,29.0,35.0,34.0,23.0,20.0,58.0,59.0,-20.0,-24.0,400.0,176.0,20.0,24.0,1,Medium,Hingoli
306,2024,371.0,367.0,149.0,145.0,82.0,75.0,42.0,43.0,26.0,25.0,16.0,16.0,54.0,63.0,4.0,4.0,369.0,147.0,4.0,4.0,1,Medium,Hisar
308,2024,326.0,372.0,133.0,183.0,71.0,63.0,27.0,46.0,16.0,22.0,3.0,3.0,75.0,55.0,-46.0,-50.0,349.0,158.0,46.0,50.0,1,Medium,Hojai
309,2024,415.0,418.0,169.0,169.0,85.0,85.0,44.0,45.0,35.0,35.0,23.0,22.0,58.0,62.0,-3.0,0.0,416.5,169.0,3.0,0.0,1,Medium,Hooghly
310,2024,324.0,371.0,120.0,148.0,80.0,84.0,34.0,42.0,31.0,25.0,9.0,6.0,51.0,66.0,-47.0,-28.0,347.5,134.0,47.0,28.0,1,Medium,Hoshangabad
311,2024,389.0,433.0,162.0,159.0,64.0,84.0,44.0,50.0,19.0,26.0,30.0,40.0,69.0,74.0,-44.0,3.0,411.0,160.5,44.0,3.0,0,Low,Hoshiarpur
312,2024,362.0,371.0,147.0,160.0,78.0,80.0,35.0,34.0,33.0,33.0,16.0,6.0,53.0,58.0,-9.0,-13.0,366.5,153.5,9.0,13.0,1,Medium,Howrah
313,2024,319.0,361.0,121.0,156.0,72.0,68.0,28.0,28.0,26.0,25.0,18.0,18.0,55.0,66.0,-42.0,-35.0,340.0,138.5,42.0,35.0,1,Medium,Hyderabad
314,2024,418.0,443.0,147.0,175.0,86.0,85.0,41.0,46.0,35.0,35.0,29.0,24.0,80.0,78.0,-25.0,-28.0,430.5,161.0,25.0,28.0,0,Low,Idukki
315,2024,321.0,257.0,145.0,135.0,65.0,38.0,37.0,39.0,11.0,7.0,10.0,10.0,53.0,28.0,64.0,10.0,289.0,140.0,64.0,10.0,1,Medium,Imphal East
316,2024,343.0,268.0,161.0,129.0,70.0,42.0,35.0,40.0,12.0,6.0,11.0,12.0,55.0,39.0,75.0,32.0,305.5,145.0,75.0,32.0,1,Medium,Imphal West
317,2024,346.0,359.0,123.0,144.0,80.0,84.0,40.0,36.0,34.0,30.0,12.0,10.0,57.0,55.0,-13.0,-21.0,352.5,133.5,13.0,21.0,1,Medium,Indore
319,2024,325.0,338.0,126.0,131.0,79.0,83.0,27.0,34.0,35.0,30.0,9.0,6.0,48.0,54.0,-13.0,-5.0,331.5,128.5,13.0,5.0,1,Medium,Jabalpur
320,2024,398.0,457.0,180.0,226.0,81.0,84.0,45.0,43.0,33.0,29.0,7.0,6.0,53.0,69.0,-59.0,-46.0,427.5,203.0,59.0,46.0,1,Medium,Jagatsinghpur
321,2024,328.0,324.0,118.0,128.0,73.0,72.0,31.0,28.0,34.0,23.0,8.0,8.0,64.0,65.0,4.0,-10.0,326.0,123.0,4.0,10.0,1,Medium,Jagtial
322,2024,440.0,466.0,190.0,214.0,86.0,86.0,44.0,42.0,34.0,35.0,22.0,26.0,64.0,63.0,-26.0,-24.0,453.0,202.0,26.0,24.0,0,Low,Jaipur
324,2024,373.0,428.0,143.0,187.0,84.0,84.0,40.0,41.0,34.0,34.0,13.0,24.0,59.0,58.0,-55.0,-44.0,400.5,165.0,55.0,44.0,1,Medium,Jaisalmer
325,2024,396.0,413.0,158.0,180.0,85.0,85.0,44.0,44.0,32.0,32.0,14.0,5.0,62.0,67.0,-17.0,-22.0,404.5,169.0,17.0,22.0,1,Medium,Jajpur
326,2024,409.0,438.0,159.0,170.0,87.0,82.0,46.0,50.0,24.0,29.0,30.0,38.0,62.0,69.0,-29.0,-11.0,423.5,164.5,29.0,11.0,0,Low,Jalandhar
327,2024,317.0,333.0,140.0,173.0,65.0,74.0,28.0,21.0,18.0,23.0,8.0,3.0,58.0,39.0,-16.0,-33.0,325.0,156.5,16.0,33.0,1,Medium,Jalaun
328,2024,408.0,402.0,163.0,167.0,85.0,84.0,44.0,34.0,34.0,32.0,26.0,29.0,56.0,56.0,6.0,-4.0,405.0,165.0,6.0,4.0,0,Low,Jalgaon
329,2024,393.0,392.0,151.0,150.0,82.0,83.0,43.0,39.0,35.0,35.0,21.0,26.0,61.0,59.0,1.0,1.0,392.5,150.5,1.0,1.0,1,Medium,Jalna
330,2024,378.0,430.0,139.0,187.0,84.0,84.0,38.0,42.0,35.0,35.0,21.0,24.0,61.0,58.0,-52.0,-48.0,404.0,163.0,52.0,48.0,1,Medium,Jalor
331,2024,353.0,352.0,115.0,118.0,82.0,84.0,42.0,43.0,34.0,35.0,23.0,15.0,56.0,57.0,1.0,-3.0,352.5,116.5,1.0,3.0,1,Medium,Jalpaiguri
332,2024,325.0,308.0,159.0,134.0,66.0,74.0,33.0,26.0,15.0,18.0,12.0,12.0,41.0,44.0,17.0,25.0,316.5,146.5,17.0,25.0,1,Medium,Jammu
333,2024,401.0,425.0,131.0,159.0,86.0,84.0,42.0,42.0,34.0,35.0,28.0,26.0,79.0,79.0,-24.0,-28.0,413.0,145.0,24.0,28.0,0,Low,Jamnagar
334,2024,292.0,324.0,102.0,145.0,71.0,73.0,39.0,30.0,14.0,15.0,6.0,5.0,60.0,56.0,-32.0,-43.0,308.0,123.5,32.0,43.0,1,Medium,Jamtara
335,2024,281.0,319.0,98.0,139.0,76.0,76.0,27.0,29.0,22.0,21.0,8.0,2.0,50.0,52.0,-38.0,-41.0,300.0,118.5,38.0,41.0,1,Medium,Jamui
336,2024,321.0,364.0,112.0,153.0,80.0,80.0,32.0,28.0,28.0,28.0,8.0,8.0,61.0,67.0,-43.0,-41.0,342.5,132.5,43.0,41.0,1,Medium,Jangaon
337,2024,347.0,378.0,112.0,133.0,83.0,85.0,37.0,44.0,31.0,29.0,9.0,12.0,76.0,75.0,-31.0,-21.0,362.5,122.5,31.0,21.0,1,Medium,Janjgir - Champa
338,2024,329.0,399.0,112.0,167.0,81.0,81.0,44.0,45.0,29.0,29.0,7.0,4.0,55.0,73.0,-70.0,-55.0,364.0,139.5,70.0,55.0,1,Medium,Jashpur
339,2024,325.0,404.0,114.0,174.0,84.0,85.0,32.0,36.0,35.0,31.0,8.0,18.0,53.0,60.0,-79.0,-60.0,364.5,144.0,79.0,60.0,1,Medium,Jaunpur
340,2024,357.0,336.0,144.0,135.0,76.0,74.0,35.0,31.0,26.0,11.0,6.0,8.0,70.0,77.0,21.0,9.0,346.5,139.5,21.0,9.0,1,Medium,Jayashankar
342,2024,321.0,330.0,126.0,135.0,77.0,77.0,27.0,31.0,30.0,29.0,9.0,12.0,53.0,46.0,-9.0,-9.0,325.5,130.5,9.0,9.0,1,Medium,Jehanabad
343,2024,260.0,258.0,70.0,92.0,78.0,78.0,31.0,33.0,30.0,5.0,5.0,2.0,46.0,48.0,2.0,-22.0,259.0,81.0,2.0,22.0,1,Medium,Jhabua
344,2024,361.0,365.0,150.0,170.0,64.0,62.0,42.0,41.0,23.0,12.0,21.0,16.0,60.0,64.0,-4.0,-20.0,363.0,160.0,4.0,20.0,1,Medium,Jhajjar
345,2024,369.0,444.0,157.0,198.0,73.0,85.0,29.0,42.0,35.0,35.0,11.0,24.0,64.0,60.0,-75.0,-41.0,406.5,177.5,75.0,41.0,1,Medium,Jhalawar
346,2024,365.0,383.0,124.0,147.0,83.0,85.0,39.0,42.0,31.0,33.0,8.0,8.0,79.0,68.0,-18.0,-23.0,374.0,135.5,18.0,23.0,1,Medium,Jhansi
347,2024,393.0,391.0,172.0,169.0,81.0,83.0,41.0,39.0,31.0,32.0,17.0,11.0,52.0,57.0,2.0,3.0,392.0,170.5,2.0,3.0,1,Medium,Jhargram
348,2024,386.0,374.0,150.0,159.0,86.0,72.0,44.0,46.0,34.0,28.0,11.0,11.0,61.0,58.0,12.0,-9.0,380.0,154.5,12.0,9.0,1,Medium,Jharsuguda
349,2024,419.0,466.0,174.0,221.0,87.0,84.0,43.0,42.0,35.0,35.0,18.0,25.0,63.0,59.0,-47.0,-47.0,442.5,197.5,47.0,47.0,1,Medium,Jhunjhunu
350,2024,387.0,375.0,142.0,150.0,79.0,71.0,42.0,43.0,31.0,30.0,20.0,13.0,72.0,68.0,12.0,-8.0,381.0,146.0,12.0,8.0,1,Medium,Jind
351,2024,282.0,254.0,114.0,126.0,59.0,44.0,35.0,37.0,18.0,5.0,7.0,4.0,49.0,38.0,28.0,-12.0,268.0,120.0,28.0,12.0,1,Medium,Jiribam
352,2024,403.0,446.0,158.0,196.0,86.0,85.0,44.0,42.0,35.0,35.0,17.0,25.0,63.0,63.0,-43.0,-38.0,424.5,177.0,43.0,38.0,1,Medium,Jodhpur
356,2024,363.0,384.0,147.0,164.0,81.0,82.0,41.0,43.0,31.0,32.0,5.0,5.0,59.0,58.0,-21.0,-17.0,373.5,155.5,21.0,17.0,1,Medium,Jorhat
357,2024,425.0,418.0,153.0,170.0,86.0,78.0,43.0,36.0,34.0,33.0,27.0,24.0,82.0,77.0,7.0,-17.0,421.5,161.5,7.0,17.0,0,Low,Junagadh
358,2024,341.0,384.0,122.0,179.0,81.0,80.0,40.0,34.0,33.0,33.0,5.0,3.0,61.0,55.0,-43.0,-57.0,362.5,150.5,43.0,57.0,1,Medium,Jyotiba Phule Nagar (Amroha)
361,2024,387.0,434.0,119.0,162.0,86.0,87.0,44.0,44.0,30.0,34.0,29.0,28.0,79.0,79.0,-47.0,-43.0,410.5,140.5,47.0,43.0,0,Low,Kachchh
363,2024,316.0,340.0,133.0,153.0,78.0,73.0,23.0,28.0,29.0,29.0,3.0,2.0,49.0,55.0,-24.0,-20.0,328.0,143.0,24.0,20.0,1,Medium,Kaimur (Bhabua)
364,2024,358.0,368.0,137.0,147.0,79.0,74.0,41.0,44.0,24.0,22.0,20.0,14.0,56.0,67.0,-10.0,-10.0,363.0,142.0,10.0,10.0,1,Medium,Kaithal
365,2024,326.0,286.0,134.0,143.0,67.0,47.0,38.0,40.0,17.0,7.0,15.0,10.0,53.0,39.0,40.0,-9.0,306.0,138.5,40.0,9.0,1,Medium,Kakching
368,2024,383.0,369.0,168.0,144.0,83.0,83.0,42.0,44.0,26.0,30.0,5.0,4.0,60.0,64.0,14.0,24.0,376.0,156.0,14.0,24.0,1,Medium,Kalahandi
370,2024,330.0,284.0,123.0,85.0,79.0,81.0,33.0,32.0,35.0,35.0,14.0,3.0,46.0,48.0,46.0,38.0,307.0,104.0,46.0,38.0,1,Medium,Kalimpong
372,2024,326.0,360.0,119.0,149.0,74.0,71.0,27.0,32.0,30.0,30.0,7.0,10.0,69.0,68.0,-34.0,-30.0,343.0,134.0,34.0,30.0,1,Medium,Kamareddy
373,2024,257.0,254.0,104.0,136.0,64.0,39.0,32.0,37.0,18.0,6.0,3.0,1.0,35.0,35.0,3.0,-32.0,255.5,120.0,3.0,32.0,1,Medium,Kamjong
374,2024,293.0,304.0,141.0,159.0,64.0,55.0,37.0,30.0,5.0,15.0,8.0,2.0,37.0,43.0,-11.0,-18.0,298.5,150.0,11.0,18.0,1,Medium,Kamle
378,2024,378.0,294.0,174.0,157.0,75.0,34.0,40.0,40.0,23.0,4.0,11.0,11.0,55.0,47.0,84.0,17.0,336.0,165.5,84.0,17.0,1,Medium,Kamrup-Metro
380,2024,387.0,401.0,143.0,160.0,82.0,77.0,40.0,45.0,25.0,25.0,18.0,18.0,78.0,76.0,-14.0,-17.0,394.0,151.5,14.0,17.0,0,Low,Kancheepuram
381,2024,357.0,364.0,125.0,137.0,84.0,84.0,45.0,45.0,34.0,29.0,6.0,4.0,64.0,65.0,-7.0,-12.0,360.5,131.0,7.0,12.0,1,Medium,Kandhamal
382,2024,258.0,234.0,123.0,129.0,53.0,28.0,35.0,35.0,9.0,3.0,5.0,5.0,34.0,34.0,24.0,-6.0,246.0,126.0,24.0,6.0,1,Medium,Kangpokpi
383,2024,317.0,376.0,120.0,170.0,81.0,76.0,40.0,43.0,21.0,25.0,13.0,12.0,41.0,50.0,-59.0,-50.0,346.5,145.0,59.0,50.0,1,Medium,Kangra
385,2024,332.0,326.0,124.0,121.0,80.0,70.0,40.0,39.0,34.0,35.0,10.0,5.0,44.0,56.0,6.0,3.0,329.0,122.5,6.0,3.0,1,Medium,Kannauj
386,2024,382.0,397.0,137.0,153.0,83.0,78.0,41.0,45.0,25.0,25.0,17.0,19.0,80.0,77.0,-15.0,-16.0,389.5,145.0,15.0,16.0,0,Low,Kanniyakumari
387,2024,425.0,469.0,148.0,192.0,82.0,85.0,48.0,48.0,35.0,35.0,30.0,26.0,82.0,83.0,-44.0,-44.0,447.0,170.0,44.0,44.0,2,High,Kannur
388,2024,347.0,364.0,143.0,158.0,77.0,79.0,30.0,30.0,30.0,28.0,6.0,11.0,60.0,58.0,-17.0,-15.0,355.5,150.5,17.0,15.0,1,Medium,Kanpur Dehat
389,2024,318.0,339.0,104.0,131.0,77.0,72.0,32.0,35.0,35.0,31.0,10.0,9.0,60.0,61.0,-21.0,-27.0,328.5,117.5,21.0,27.0,1,Medium,Kanpur Nagar
391,2024,424.0,442.0,169.0,160.0,87.0,81.0,37.0,51.0,27.0,30.0,34.0,40.0,71.0,80.0,-18.0,9.0,433.0,164.5,18.0,9.0,0,Low,Kapurthala
392,2024,399.0,422.0,125.0,144.0,85.0,87.0,44.0,45.0,35.0,35.0,29.0,31.0,81.0,80.0,-23.0,-19.0,410.5,134.5,23.0,19.0,0,Low,Karaikal
393,2024,383.0,413.0,161.0,181.0,83.0,83.0,34.0,39.0,35.0,35.0,13.0,16.0,57.0,59.0,-30.0,-20.0,398.0,171.0,30.0,20.0,1,Medium,Karauli
394,2024,288.0,311.0,101.0,142.0,63.0,62.0,38.0,43.0,26.0,26.0,4.0,3.0,56.0,35.0,-23.0,-41.0,299.5,121.5,23.0,41.0,1,Medium,Karbi Anglong
395,2024,345.0,368.0,116.0,134.0,79.0,83.0,41.0,45.0,35.0,35.0,17.0,15.0,57.0,56.0,-23.0,-18.0,356.5,125.0,23.0,18.0,1,Medium,Kargil
397,2024,340.0,397.0,126.0,162.0,77.0,75.0,35.0,45.0,27.0,31.0,10.0,15.0,64.0,69.0,-57.0,-36.0,368.5,144.0,57.0,36.0,1,Medium,Karimnagar
398,2024,347.0,361.0,133.0,142.0,73.0,80.0,42.0,34.0,23.0,23.0,16.0,14.0,60.0,68.0,-14.0,-9.0,354.0,137.5,14.0,9.0,1,Medium,Karnal
399,2024,367.0,396.0,122.0,160.0,82.0,75.0,42.0,44.0,25.0,25.0,17.0,16.0,80.0,76.0,-29.0,-38.0,381.5,141.0,29.0,38.0,0,Low,Karur
400,2024,402.0,445.0,137.0,170.0,83.0,86.0,40.0,46.0,31.0,35.0,28.0,25.0,83.0,83.0,-43.0,-33.0,423.5,153.5,43.0,33.0,0,Low,Kasaragod
402,2024,277.0,254.0,127.0,105.0,51.0,64.0,37.0,34.0,22.0,14.0,7.0,6.0,33.0,31.0,23.0,22.0,265.5,116.0,23.0,22.0,1,Medium,Kathua
403,2024,274.0,332.0,125.0,141.0,72.0,77.0,21.0,26.0,25.0,35.0,3.0,3.0,29.0,50.0,-58.0,-16.0,303.0,133.0,58.0,16.0,1,Medium,Katihar
404,2024,337.0,291.0,132.0,106.0,79.0,72.0,34.0,36.0,30.0,21.0,6.0,5.0,57.0,51.0,46.0,26.0,314.0,119.0,46.0,26.0,1,Medium,Katni
405,2024,320.0,353.0,112.0,143.0,80.0,81.0,38.0,36.0,30.0,28.0,5.0,5.0,55.0,60.0,-33.0,-31.0,336.5,127.5,33.0,31.0,1,Medium,Kaushambi
408,2024,384.0,400.0,141.0,164.0,86.0,78.0,44.0,44.0,34.0,34.0,13.0,10.0,66.0,70.0,-16.0,-23.0,392.0,152.5,16.0,23.0,1,Medium,Kendrapara
411,2024,268.0,326.0,127.0,145.0,65.0,76.0,21.0,29.0,22.0,20.0,3.0,2.0,31.0,54.0,-58.0,-18.0,297.0,136.0,58.0,18.0,1,Medium,Khagaria
415,2024,320.0,386.0,113.0,169.0,64.0,71.0,43.0,40.0,27.0,30.0,8.0,9.0,65.0,67.0,-66.0,-56.0,353.0,141.0,66.0,56.0,1,Medium,Khammam
416,2024,311.0,335.0,116.0,133.0,73.0,72.0,31.0,39.0,30.0,30.0,6.0,4.0,55.0,57.0,-24.0,-17.0,323.0,124.5,24.0,17.0,1,Medium,Khandwa
417,2024,315.0,334.0,97.0,123.0,79.0,77.0,39.0,39.0,35.0,30.0,6.0,4.0,60.0,61.0,-19.0,-26.0,324.5,110.0,19.0,26.0,1,Medium,Khargone
419,2024,397.0,440.0,130.0,182.0,86.0,86.0,41.0,42.0,32.0,32.0,28.0,25.0,80.0,73.0,-43.0,-52.0,418.5,156.0,43.0,52.0,0,Low,Kheda
420,2024,344.0,320.0,131.0,109.0,80.0,79.0,39.0,39.0,31.0,29.0,7.0,8.0,56.0,56.0,24.0,22.0,332.0,120.0,24.0,22.0,1,Medium,Kheri
422,2024,338.0,366.0,118.0,150.0,82.0,80.0,38.0,40.0,29.0,29.0,7.0,13.0,64.0,54.0,-28.0,-32.0,352.0,134.0,28.0,32.0,1,Medium,Khowai
423,2024,284.0,320.0,97.0,136.0,78.0,76.0,31.0,33.0,13.0,14.0,5.0,5.0,60.0,56.0,-36.0,-39.0,302.0,116.5,36.0,39.0,1,Medium,Khunti
425,2024,316.0,342.0,121.0,136.0,73.0,71.0,38.0,45.0,20.0,29.0,13.0,14.0,51.0,47.0,-26.0,-15.0,329.0,128.5,26.0,15.0,1,Medium,Kinnaur
426,2024,283.0,269.0,112.0,131.0,65.0,61.0,32.0,27.0,8.0,14.0,14.0,6.0,52.0,30.0,14.0,-19.0,276.0,121.5,14.0,19.0,1,Medium,Kiphire
427,2024,316.0,307.0,124.0,119.0,78.0,74.0,25.0,29.0,35.0,35.0,1.0,1.0,53.0,49.0,9.0,5.0,311.5,121.5,9.0,5.0,1,Medium,Kishanganj
428,2024,263.0,259.0,114.0,103.0,68.0,75.0,27.0,31.0,21.0,11.0,4.0,4.0,29.0,35.0,4.0,11.0,261.0,108.5,4.0,11.0,1,Medium,Kishtwar
429,2024,363.0,425.0,145.0,177.0,82.0,84.0,44.0,49.0,20.0,35.0,17.0,20.0,55.0,60.0,-62.0,-32.0,394.0,161.0,62.0,32.0,1,Medium,Kodagu
430,2024,288.0,325.0,106.0,150.0,69.0,66.0,33.0,33.0,23.0,22.0,9.0,9.0,47.0,45.0,-37.0,-44.0,306.5,128.0,37.0,44.0,1,Medium,Kodarma
431,2024,311.0,266.0,144.0,114.0,63.0,55.0,36.0,40.0,19.0,14.0,19.0,13.0,31.0,30.0,45.0,30.0,288.5,129.0,45.0,30.0,1,Medium,Kohima
432,2024,292.0,335.0,111.0,178.0,56.0,50.0,39.0,38.0,15.0,13.0,3.0,2.0,69.0,54.0,-43.0,-67.0,313.5,144.5,43.0,67.0,1,Medium,Kokrajhar
433,2024,381.0,411.0,145.0,172.0,85.0,83.0,41.0,39.0,35.0,35.0,15.0,21.0,61.0,61.0,-30.0,-27.0,396.0,158.5,30.0,27.0,1,Medium,Kolar
434,2024,281.0,278.0,103.0,136.0,77.0,58.0,38.0,40.0,17.0,6.0,1.0,6.0,45.0,32.0,3.0,-33.0,279.5,119.5,3.0,33.0,1,Medium,Kolasib
435,2024,422.0,401.0,180.0,177.0,84.0,81.0,40.0,37.0,35.0,26.0,23.0,28.0,60.0,52.0,21.0,3.0,411.5,178.5,21.0,3.0,1,Medium,Kolhapur
436,2024,427.0,426.0,185.0,192.0,82.0,81.0,42.0,43.0,34.0,35.0,27.0,22.0,57.0,53.0,1.0,-7.0,426.5,188.5,1.0,7.0,1,Medium,Kolkata
437,2024,427.0,476.0,159.0,203.0,85.0,87.0,40.0,46.0,35.0,35.0,27.0,24.0,81.0,81.0,-49.0,-44.0,451.5,181.0,49.0,44.0,0,Low,Kollam
439,2024,327.0,363.0,98.0,143.0,80.0,80.0,42.0,44.0,26.0,25.0,10.0,3.0,70.0,68.0,-36.0,-45.0,345.0,120.5,36.0,45.0,1,Medium,Kondagaon
440,2024,387.0,429.0,159.0,192.0,85.0,84.0,30.0,40.0,34.0,35.0,17.0,16.0,62.0,62.0,-42.0,-33.0,408.0,175.5,42.0,33.0,1,Medium,Koppal
441,2024,366.0,342.0,139.0,127.0,80.0,80.0,45.0,45.0,28.0,23.0,4.0,3.0,70.0,64.0,24.0,12.0,354.0,133.0,24.0,12.0,1,Medium,Koraput
442,2024,350.0,376.0,113.0,148.0,80.0,80.0,43.0,44.0,33.0,30.0,14.0,12.0,66.0,62.0,-26.0,-35.0,363.0,130.5,26.0,35.0,1,Medium,Korba
445,2024,374.0,436.0,170.0,200.0,85.0,85.0,25.0,41.0,35.0,35.0,21.0,23.0,38.0,52.0,-62.0,-30.0,405.0,185.0,62.0,30.0,1,Medium,Kota
447,2024,433.0,442.0,167.0,180.0,80.0,80.0,44.0,44.0,29.0,29.0,31.0,27.0,82.0,82.0,-9.0,-13.0,437.5,173.5,9.0,13.0,0,Low,Kottayam
448,2024,413.0,467.0,146.0,193.0,82.0,83.0,39.0,47.0,35.0,35.0,29.0,27.0,82.0,82.0,-54.0,-47.0,440.0,169.5,54.0,47.0,0,Low,Kozhikode
451,2024,381.0,429.0,134.0,193.0,84.0,83.0,42.0,38.0,35.0,29.0,14.0,8.0,72.0,78.0,-48.0,-59.0,405.0,163.5,48.0,59.0,1,Medium,Krishna
452,2024,380.0,334.0,134.0,97.0,79.0,75.0,39.0,44.0,30.0,25.0,18.0,18.0,80.0,75.0,46.0,37.0,357.0,115.5,46.0,37.0,0,Low,Krishnagiri
453,2024,360.0,358.0,148.0,135.0,84.0,83.0,31.0,42.0,33.0,30.0,9.0,8.0,55.0,60.0,2.0,13.0,359.0,141.5,2.0,13.0,1,Medium,Kulgam
454,2024,322.0,279.0,112.0,119.0,77.0,66.0,41.0,35.0,29.0,18.0,12.0,9.0,51.0,32.0,43.0,-7.0,300.5,115.5,43.0,7.0,1,Medium,Kullu
457,2024,307.0,305.0,125.0,141.0,75.0,69.0,33.0,26.0,19.0,13.0,7.0,5.0,48.0,51.0,2.0,-16.0,306.0,133.0,2.0,16.0,1,Medium,Kupwara
458,2024,341.0,316.0,113.0,142.0,86.0,83.0,24.0,24.0,35.0,33.0,13.0,8.0,71.0,26.0,25.0,-29.0,328.5,127.5,25.0,29.0,1,Medium,Kurnool
459,2024,369.0,359.0,145.0,136.0,78.0,79.0,42.0,41.0,24.0,22.0,18.0,12.0,62.0,69.0,10.0,9.0,364.0,140.5,10.0,9.0,1,Medium,Kurukshetra
460,2024,223.0,263.0,74.0,118.0,55.0,52.0,28.0,26.0,14.0,13.0,5.0,5.0,48.0,49.0,-40.0,-44.0,243.0,96.0,40.0,44.0,1,Medium,Kurung Kumey
461,2024,341.0,353.0,127.0,143.0,81.0,77.0,33.0,28.0,32.0,31.0,9.0,14.0,59.0,60.0,-12.0,-16.0,347.0,135.0,12.0,16.0,1,Medium,Kushinagar
465,2024,291.0,338.0,126.0,175.0,51.0,50.0,37.0,37.0,19.0,17.0,4.0,3.0,55.0,56.0,-47.0,-49.0,314.5,150.5,47.0,49.0,1,Medium,Lakhimpur
466,2024,290.0,357.0,109.0,157.0,80.0,79.0,35.0,33.0,32.0,32.0,4.0,4.0,29.0,52.0,-67.0,-48.0,323.5,133.0,67.0,48.0,1,Medium,Lakhisarai
467,2024,406.0,398.0,140.0,140.0,88.0,86.0,47.0,49.0,35.0,35.0,32.0,31.0,64.0,57.0,8.0,0.0,402.0,140.0,8.0,0.0,0,Low,Lakshadweep
468,2024,306.0,330.0,115.0,162.0,68.0,66.0,34.0,17.0,24.0,20.0,6.0,7.0,58.0,58.0,-24.0,-47.0,318.0,138.5,24.0,47.0,1,Medium,Lalitpur
469,2024,314.0,333.0,96.0,140.0,78.0,70.0,40.0,35.0,28.0,19.0,7.0,10.0,65.0,59.0,-19.0,-44.0,323.5,118.0,19.0,44.0,1,Medium,Latehar
470,2024,393.0,417.0,153.0,176.0,84.0,86.0,43.0,39.0,35.0,35.0,20.0,21.0,59.0,60.0,-24.0,-23.0,405.0,164.5,24.0,23.0,1,Medium,Latur
471,2024,258.0,262.0,107.0,101.0,55.0,71.0,33.0,36.0,7.0,7.0,1.0,3.0,54.0,44.0,-4.0,6.0,260.0,104.0,4.0,6.0,1,Medium,Lawngtlai
472,2024,345.0,325.0,140.0,121.0,79.0,73.0,36.0,37.0,18.0,27.0,16.0,14.0,56.0,53.0,20.0,19.0,335.0,130.5,20.0,19.0,1,Medium,Leh (Ladakh)
474,2024,308.0,307.0,115.0,131.0,71.0,70.0,35.0,24.0,13.0,9.0,10.0,10.0,62.0,63.0,1.0,-16.0,307.5,123.0,1.0,16.0,1,Medium,Lohardaga
475,2024,284.0,253.0,101.0,135.0,68.0,47.0,30.0,32.0,29.0,8.0,5.0,3.0,50.0,28.0,31.0,-34.0,268.5,118.0,31.0,34.0,1,Medium,Lohit
476,2024,239.0,195.0,71.0,75.0,56.0,47.0,34.0,30.0,22.0,3.0,7.0,6.0,48.0,34.0,44.0,-4.0,217.0,73.0,44.0,4.0,1,Medium,Longding
477,2024,270.0,241.0,102.0,107.0,56.0,59.0,35.0,23.0,18.0,15.0,5.0,6.0,53.0,31.0,29.0,-5.0,255.5,104.5,29.0,5.0,1,Medium,Longleng
479,2024,294.0,298.0,92.0,95.0,78.0,73.0,36.0,41.0,24.0,25.0,10.0,10.0,54.0,54.0,-4.0,-3.0,296.0,93.5,4.0,3.0,1,Medium,Lower Dibang Valley
480,2024,252.0,293.0,86.0,121.0,53.0,67.0,29.0,27.0,26.0,23.0,4.0,2.0,53.0,53.0,-41.0,-35.0,272.5,103.5,41.0,35.0,1,Medium,Lower Siang
481,2024,361.0,327.0,159.0,141.0,77.0,66.0,40.0,37.0,25.0,22.0,8.0,10.0,53.0,51.0,34.0,18.0,344.0,150.0,34.0,18.0,1,Medium,Lower Subansiri
482,2024,353.0,358.0,132.0,126.0,76.0,79.0,38.0,41.0,31.0,32.0,17.0,23.0,58.0,57.0,-5.0,6.0,355.5,129.0,5.0,6.0,1,Medium,Lucknow
483,2024,414.0,422.0,176.0,158.0,83.0,83.0,36.0,49.0,19.0,26.0,31.0,39.0,68.0,67.0,-8.0,18.0,418.0,167.0,8.0,18.0,0,Low,Ludhiana
484,2024,269.0,232.0,102.0,119.0,70.0,41.0,31.0,35.0,19.0,1.0,2.0,5.0,45.0,31.0,37.0,-17.0,250.5,110.5,37.0,17.0,1,Medium,Lunglei
485,2024,267.0,309.0,118.0,136.0,68.0,73.0,16.0,12.0,30.0,29.0,4.0,3.0,31.0,56.0,-42.0,-18.0,288.0,127.0,42.0,18.0,1,Medium,Madhepura
486,2024,312.0,324.0,125.0,140.0,75.0,75.0,28.0,21.0,29.0,28.0,5.0,7.0,50.0,53.0,-12.0,-15.0,318.0,132.5,12.0,15.0,1,Medium,Madhubani
487,2024,383.0,373.0,143.0,137.0,78.0,74.0,40.0,42.0,25.0,25.0,15.0,16.0,81.0,79.0,10.0,6.0,378.0,140.0,10.0,6.0,0,Low,Madurai
488,2024,343.0,321.0,118.0,147.0,76.0,57.0,39.0,39.0,28.0,18.0,12.0,4.0,70.0,56.0,22.0,-29.0,332.0,132.5,22.0,29.0,1,Medium,Mahabubabad
489,2024,330.0,352.0,130.0,143.0,78.0,78.0,31.0,29.0,21.0,28.0,7.0,8.0,63.0,66.0,-22.0,-13.0,341.0,136.5,22.0,13.0,1,Medium,Mahabubnagar
490,2024,332.0,300.0,124.0,123.0,82.0,78.0,39.0,31.0,33.0,29.0,13.0,7.0,42.0,32.0,32.0,1.0,316.0,123.5,32.0,1.0,1,Medium,Maharajganj
491,2024,391.0,381.0,158.0,150.0,83.0,83.0,44.0,45.0,31.0,29.0,13.0,6.0,63.0,68.0,10.0,8.0,386.0,154.0,10.0,8.0,1,Medium,Mahasamund
492,2024,429.0,423.0,148.0,141.0,86.0,87.0,45.0,46.0,35.0,35.0,33.0,32.0,82.0,82.0,6.0,7.0,426.0,144.5,6.0,7.0,0,Low,Mahe
493,2024,346.0,378.0,153.0,165.0,73.0,75.0,40.0,40.0,21.0,20.0,12.0,11.0,48.0,67.0,-32.0,-12.0,362.0,159.0,32.0,12.0,1,Medium,Mahendragarh
494,2024,403.0,450.0,147.0,187.0,83.0,83.0,38.0,42.0,33.0,32.0,28.0,28.0,75.0,78.0,-47.0,-40.0,426.5,167.0,47.0,40.0,0,Low,Mahesana
495,2024,393.0,439.0,136.0,177.0,84.0,84.0,39.0,44.0,30.0,31.0,27.0,28.0,77.0,75.0,-46.0,-41.0,416.0,156.5,46.0,41.0,0,Low,Mahisagar
496,2024,367.0,109.0,139.0,77.0,86.0,12.0,43.0,12.0,35.0,0.0,7.0,3.0,58.0,5.0,258.0,62.0,238.0,108.0,258.0,62.0,1,Medium,Mahoba
497,2024,296.0,337.0,101.0,148.0,72.0,73.0,38.0,39.0,20.0,20.0,7.0,4.0,57.0,53.0,-41.0,-47.0,316.5,124.5,41.0,47.0,1,Medium,Mainpuri
498,2024,371.0,375.0,154.0,160.0,80.0,81.0,41.0,39.0,30.0,31.0,3.0,4.0,63.0,60.0,-4.0,-6.0,373.0,157.0,4.0,6.0,1,Medium,Majuli
499,2024,423.0,457.0,152.0,186.0,86.0,85.0,43.0,47.0,35.0,35.0,31.0,26.0,76.0,78.0,-34.0,-34.0,440.0,169.0,34.0,34.0,0,Low,Malappuram
503,2024,378.0,386.0,145.0,165.0,85.0,79.0,45.0,44.0,35.0,30.0,4.0,3.0,64.0,65.0,-8.0,-20.0,382.0,155.0,8.0,20.0,1,Medium,Malkangiri
504,2024,265.0,301.0,97.0,99.0,76.0,76.0,37.0,43.0,16.0,13.0,4.0,10.0,36.0,60.0,-36.0,-2.0,283.0,98.0,36.0,2.0,1,Medium,Mamit
505,2024,332.0,373.0,133.0,171.0,76.0,73.0,25.0,29.0,32.0,25.0,8.0,11.0,58.0,64.0,-41.0,-38.0,352.5,152.0,41.0,38.0,1,Medium,Mancherial
506,2024,336.0,381.0,129.0,161.0,80.0,84.0,37.0,45.0,29.0,26.0,10.0,10.0,50.0,55.0,-45.0,-32.0,358.5,145.0,45.0,32.0,1,Medium,Mandi
507,2024,322.0,324.0,117.0,127.0,79.0,76.0,35.0,37.0,32.0,25.0,5.0,3.0,54.0,56.0,-2.0,-10.0,323.0,122.0,2.0,10.0,1,Medium,Mandla
508,2024,314.0,341.0,117.0,130.0,79.0,84.0,30.0,43.0,30.0,30.0,7.0,4.0,51.0,50.0,-27.0,-13.0,327.5,123.5,27.0,13.0,1,Medium,Mandsaur
509,2024,392.0,399.0,151.0,168.0,83.0,81.0,46.0,46.0,34.0,30.0,17.0,15.0,61.0,59.0,-7.0,-17.0,395.5,159.5,7.0,17.0,1,Medium,Mandya
513,2024,434.0,451.0,185.0,163.0,84.0,85.0,38.0,50.0,23.0,31.0,32.0,40.0,73.0,82.0,-17.0,22.0,442.5,174.0,17.0,22.0,2,High,Mansa
514,2024,381.0,422.0,155.0,187.0,81.0,81.0,38.0,40.0,34.0,34.0,14.0,22.0,59.0,58.0,-41.0,-32.0,401.5,171.0,41.0,32.0,1,Medium,Mathura
515,2024,330.0,343.0,133.0,133.0,80.0,82.0,39.0,36.0,34.0,31.0,6.0,4.0,38.0,57.0,-13.0,0.0,336.5,133.0,13.0,0.0,1,Medium,Mau
517,2024,328.0,369.0,113.0,160.0,82.0,73.0,41.0,43.0,27.0,31.0,9.0,3.0,57.0,59.0,-41.0,-47.0,348.5,136.5,41.0,47.0,1,Medium,Mayurbhanj
518,2024,308.0,345.0,110.0,145.0,71.0,69.0,36.0,38.0,23.0,20.0,8.0,7.0,60.0,66.0,-37.0,-35.0,326.5,127.5,37.0,35.0,1,Medium,Medak
519,2024,406.0,383.0,155.0,160.0,85.0,70.0,45.0,38.0,34.0,24.0,17.0,19.0,70.0,73.0,23.0,-5.0,394.5,157.5,23.0,5.0,1,Medium,Medchal
521,2024,355.0,382.0,129.0,175.0,84.0,82.0,37.0,32.0,33.0,33.0,16.0,19.0,56.0,41.0,-27.0,-46.0,368.5,152.0,27.0,46.0,1,Medium,Meerut
525,2024,351.0,342.0,130.0,122.0,80.0,83.0,35.0,39.0,35.0,35.0,14.0,8.0,56.0,55.0,9.0,8.0,346.5,126.0,9.0,8.0,1,Medium,Mirzapur
526,2024,439.0,430.0,186.0,160.0,84.0,83.0,44.0,50.0,26.0,26.0,31.0,39.0,69.0,72.0,9.0,26.0,434.5,173.0,9.0,26.0,0,Low,Moga
529,2024,301.0,287.0,130.0,125.0,69.0,65.0,40.0,40.0,13.0,15.0,14.0,10.0,35.0,32.0,14.0,5.0,294.0,127.5,14.0,5.0,1,Medium,Mokokchung
530,2024,251.0,238.0,95.0,87.0,61.0,60.0,33.0,38.0,19.0,16.0,13.0,7.0,29.0,30.0,13.0,8.0,244.5,91.0,13.0,8.0,1,Medium,Mon
531,2024,331.0,337.0,118.0,129.0,80.0,78.0,36.0,29.0,31.0,27.0,12.0,16.0,54.0,58.0,-6.0,-11.0,334.0,123.5,6.0,11.0,1,Medium,Moradabad
532,2024,363.0,423.0,108.0,164.0,83.0,86.0,42.0,43.0,24.0,27.0,28.0,26.0,78.0,77.0,-60.0,-56.0,393.0,136.0,60.0,56.0,0,Low,Morbi
533,2024,327.0,307.0,136.0,127.0,72.0,72.0,37.0,36.0,29.0,25.0,1.0,2.0,52.0,45.0,20.0,9.0,317.0,131.5,20.0,9.0,1,Medium,Morena
534,2024,341.0,393.0,128.0,183.0,77.0,77.0,42.0,42.0,25.0,24.0,3.0,4.0,65.0,63.0,-52.0,-55.0,367.0,155.5,52.0,55.0,1,Medium,Morigaon
536,2024,326.0,371.0,101.0,144.0,72.0,73.0,40.0,40.0,32.0,32.0,11.0,15.0,70.0,67.0,-45.0,-43.0,348.5,122.5,45.0,43.0,1,Medium,Mulugu
538,2024,415.0,389.0,139.0,120.0,88.0,84.0,40.0,43.0,35.0,35.0,34.0,34.0,79.0,74.0,26.0,19.0,402.0,129.5,26.0,19.0,1,Medium,Mumbai (Suburban)
541,2024,334.0,389.0,100.0,157.0,83.0,83.0,43.0,43.0,33.0,29.0,10.0,12.0,65.0,65.0,-55.0,-57.0,361.5,128.5,55.0,57.0,1,Medium,Mungeli
542,2024,306.0,329.0,133.0,147.0,75.0,73.0,17.0,22.0,30.0,34.0,4.0,3.0,47.0,50.0,-23.0,-14.0,317.5,140.0,23.0,14.0,1,Medium,Munger
543,2024,397.0,393.0,177.0,179.0,79.0,80.0,37.0,36.0,35.0,35.0,14.0,4.0,55.0,59.0,4.0,-2.0,395.0,178.0,4.0,2.0,1,Medium,Murshidabad
544,2024,317.0,324.0,115.0,121.0,75.0,74.0,35.0,32.0,32.0,33.0,10.0,4.0,51.0,60.0,-7.0,-6.0,320.5,118.0,7.0,6.0,1,Medium,Muzaffarnagar
545,2024,304.0,333.0,116.0,136.0,80.0,79.0,21.0,27.0,34.0,33.0,5.0,4.0,49.0,54.0,-29.0,-20.0,318.5,126.0,29.0,20.0,1,Medium,Muzaffarpur
546,2024,356.0,409.0,129.0,170.0,82.0,83.0,36.0,47.0,35.0,35.0,16.0,13.0,58.0,61.0,-53.0,-41.0,382.5,149.5,53.0,41.0,1,Medium,Mysuru
548,2024,353.0,392.0,132.0,164.0,81.0,80.0,42.0,45.0,30.0,32.0,4.0,3.0,63.0,68.0,-39.0,-32.0,372.5,148.0,39.0,32.0,1,Medium,Nabarangpur
549,2024,380.0,376.0,160.0,162.0,76.0,76.0,34.0,36.0,30.0,29.0,20.0,16.0,60.0,57.0,4.0,-2.0,378.0,161.0,4.0,2.0,1,Medium,Nadia
550,2024,296.0,352.0,107.0,167.0,68.0,63.0,41.0,41.0,21.0,20.0,4.0,3.0,55.0,58.0,-56.0,-60.0,324.0,137.0,56.0,60.0,1,Medium,Nagaon
551,2024,370.0,388.0,133.0,150.0,82.0,77.0,35.0,43.0,25.0,25.0,15.0,16.0,80.0,77.0,-18.0,-17.0,379.0,141.5,18.0,17.0,0,Low,Nagapattinam
552,2024,296.0,338.0,95.0,136.0,75.0,73.0,25.0,26.0,27.0,25.0,6.0,6.0,69.0,72.0,-42.0,-41.0,317.0,115.5,42.0,41.0,1,Medium,Nagarkurnool
553,2024,400.0,449.0,178.0,210.0,83.0,83.0,28.0,41.0,35.0,35.0,16.0,20.0,60.0,60.0,-49.0,-32.0,424.5,194.0,49.0,32.0,1,Medium,Nagaur
554,2024,379.0,385.0,142.0,159.0,84.0,79.0,40.0,43.0,35.0,30.0,20.0,22.0,58.0,52.0,-6.0,-17.0,382.0,150.5,6.0,17.0,1,Medium,Nagpur
555,2024,329.0,292.0,149.0,163.0,65.0,46.0,40.0,44.0,14.0,6.0,12.0,10.0,48.0,23.0,37.0,-14.0,310.5,156.0,37.0,14.0,1,Medium,Nainital
556,2024,338.0,338.0,148.0,154.0,78.0,76.0,30.0,27.0,25.0,25.0,5.0,5.0,51.0,51.0,0.0,-6.0,338.0,151.0,0.0,6.0,1,Medium,Nalanda
557,2024,348.0,341.0,153.0,173.0,70.0,65.0,40.0,39.0,21.0,14.0,3.0,3.0,61.0,47.0,7.0,-20.0,344.5,163.0,7.0,20.0,1,Medium,Nalbari
558,2024,351.0,376.0,124.0,146.0,82.0,82.0,34.0,35.0,35.0,33.0,12.0,8.0,64.0,72.0,-25.0,-22.0,363.5,135.0,25.0,22.0,1,Medium,Nalgonda
559,2024,367.0,394.0,127.0,155.0,81.0,78.0,40.0,43.0,25.0,25.0,14.0,16.0,81.0,77.0,-27.0,-28.0,380.5,141.0,27.0,28.0,0,Low,Namakkal
561,2024,264.0,258.0,103.0,99.0,62.0,66.0,30.0,30.0,10.0,7.0,5.0,3.0,53.0,53.0,6.0,4.0,261.0,101.0,6.0,4.0,1,Medium,Namsai
562,2024,403.0,403.0,154.0,162.0,85.0,84.0,45.0,43.0,35.0,31.0,23.0,23.0,60.0,60.0,0.0,-8.0,403.0,158.0,0.0,8.0,1,Medium,Nanded
563,2024,405.0,406.0,162.0,172.0,85.0,84.0,46.0,39.0,35.0,35.0,20.0,19.0,58.0,57.0,-1.0,-10.0,405.5,167.0,1.0,10.0,1,Medium,Nandurbar
565,2024,299.0,363.0,105.0,140.0,65.0,76.0,35.0,42.0,27.0,17.0,10.0,16.0,57.0,72.0,-64.0,-35.0,331.0,122.5,64.0,35.0,1,Medium,Narayanapet
566,2024,323.0,355.0,88.0,129.0,82.0,79.0,44.0,44.0,30.0,28.0,8.0,4.0,71.0,71.0,-32.0,-41.0,339.0,108.5,32.0,41.0,1,Medium,Narayanpur
567,2024,391.0,409.0,155.0,150.0,76.0,86.0,40.0,42.0,26.0,35.0,17.0,18.0,78.0,78.0,-18.0,5.0,400.0,152.5,18.0,5.0,0,Low,Narmada
568,2024,362.0,368.0,157.0,189.0,79.0,74.0,37.0,36.0,30.0,20.0,8.0,5.0,51.0,44.0,-6.0,-32.0,365.0,173.0,6.0,32.0,1,Medium,Narsimhapur
569,2024,422.0,414.0,173.0,164.0,87.0,86.0,45.0,48.0,34.0,34.0,21.0,24.0,62.0,58.0,8.0,9.0,418.0,168.5,8.0,9.0,0,Low,Nashik
570,2024,404.0,448.0,133.0,182.0,86.0,85.0,45.0,40.0,31.0,35.0,30.0,27.0,78.0,79.0,-44.0,-49.0,426.0,157.5,44.0,49.0,0,Low,Navsari
571,2024,312.0,342.0,116.0,144.0,82.0,80.0,29.0,32.0,30.0,29.0,3.0,3.0,52.0,54.0,-30.0,-28.0,327.0,130.0,30.0,28.0,1,Medium,Nawada
573,2024,406.0,420.0,166.0,195.0,86.0,84.0,43.0,38.0,33.0,30.0,14.0,6.0,64.0,67.0,-14.0,-29.0,413.0,180.5,14.0,29.0,1,Medium,Nayagarh
575,2024,317.0,349.0,105.0,146.0,82.0,81.0,34.0,38.0,31.0,26.0,9.0,7.0,57.0,51.0,-32.0,-41.0,333.0,125.5,32.0,41.0,1,Medium,Neemuch
577,2024,441.0,447.0,165.0,168.0,88.0,88.0,46.0,49.0,35.0,35.0,33.0,31.0,75.0,76.0,-6.0,-3.0,444.0,166.5,6.0,3.0,0,Low,New Delhi
579,2024,367.0,390.0,134.0,142.0,85.0,85.0,40.0,45.0,33.0,35.0,16.0,15.0,59.0,68.0,-23.0,-8.0,378.5,138.0,23.0,8.0,1,Medium,Nicobars
580,2024,304.0,351.0,115.0,147.0,67.0,74.0,33.0,29.0,17.0,24.0,4.0,8.0,68.0,69.0,-47.0,-32.0,327.5,131.0,47.0,32.0,1,Medium,Nirmal
581,2024,351.0,333.0,148.0,137.0,81.0,74.0,36.0,40.0,35.0,30.0,3.0,3.0,48.0,49.0,18.0,11.0,342.0,142.5,18.0,11.0,1,Medium,Niwari
582,2024,349.0,381.0,127.0,156.0,83.0,82.0,31.0,35.0,31.0,32.0,15.0,11.0,63.0,65.0,-32.0,-29.0,365.0,141.5,32.0,29.0,1,Medium,Nizamabad
583,2024,253.0,262.0,101.0,140.0,47.0,33.0,37.0,37.0,11.0,7.0,6.0,5.0,52.0,40.0,-9.0,-39.0,257.5,120.5,9.0,39.0,1,Medium,Noney
584,2024,421.0,435.0,152.0,163.0,87.0,87.0,45.0,48.0,35.0,35.0,27.0,27.0,75.0,75.0,-14.0,-11.0,428.0,157.5,14.0,11.0,0,Low,North
593,2024,196.0,202.0,84.0,96.0,35.0,33.0,20.0,19.0,9.0,9.0,3.0,2.0,45.0,43.0,-6.0,-12.0,199.0,90.0,6.0,12.0,0,Low,North Garo Hills
594,2024,362.0,368.0,137.0,140.0,82.0,80.0,35.0,40.0,29.0,28.0,23.0,26.0,56.0,54.0,-6.0,-3.0,365.0,138.5,6.0,3.0,1,Medium,North Goa
596,2024,310.0,318.0,109.0,121.0,79.0,80.0,42.0,41.0,28.0,27.0,11.0,8.0,42.0,41.0,-8.0,-12.0,314.0,115.0,8.0,12.0,1,Medium,North Tripura
598,2024,407.0,426.0,142.0,153.0,88.0,88.0,38.0,47.0,35.0,35.0,29.0,27.0,75.0,76.0,-19.0,-11.0,416.5,147.5,19.0,11.0,0,Low,North West A
603,2024,407.0,389.0,179.0,161.0,83.0,84.0,45.0,45.0,32.0,32.0,6.0,5.0,61.0,62.0,18.0,18.0,398.0,170.0,18.0,18.0,1,Medium,Nuapada
604,2024,314.0,307.0,113.0,100.0,81.0,73.0,38.0,43.0,18.0,23.0,9.0,7.0,55.0,61.0,7.0,13.0,310.5,106.5,7.0,13.0,1,Medium,Nuh
607,2024,288.0,265.0,101.0,109.0,59.0,55.0,38.0,34.0,23.0,15.0,15.0,3.0,54.0,49.0,23.0,-8.0,276.5,105.0,23.0,8.0,1,Medium,Pakke Kessang
610,2024,410.0,450.0,139.0,172.0,83.0,84.0,41.0,47.0,35.0,34.0,33.0,31.0,79.0,82.0,-40.0,-33.0,430.0,155.5,40.0,33.0,0,Low,Palakkad
611,2024,331.0,345.0,114.0,152.0,81.0,80.0,38.0,41.0,34.0,30.0,8.0,11.0,56.0,31.0,-14.0,-38.0,338.0,133.0,14.0,38.0,1,Medium,Palamu
612,2024,402.0,394.0,156.0,157.0,84.0,84.0,45.0,43.0,35.0,35.0,22.0,19.0,61.0,56.0,8.0,-1.0,398.0,156.5,8.0,1.0,1,Medium,Palghar
613,2024,390.0,398.0,156.0,166.0,84.0,84.0,41.0,41.0,34.0,34.0,16.0,21.0,58.0,52.0,-8.0,-10.0,394.0,161.0,8.0,10.0,1,Medium,Pali
615,2024,313.0,344.0,128.0,135.0,70.0,82.0,38.0,39.0,13.0,15.0,12.0,12.0,51.0,61.0,-31.0,-7.0,328.5,131.5,31.0,7.0,1,Medium,Palwal
616,2024,390.0,444.0,141.0,190.0,81.0,81.0,40.0,44.0,32.0,32.0,20.0,22.0,76.0,75.0,-54.0,-49.0,417.0,165.5,54.0,49.0,0,Low,Panch Mahals
617,2024,351.0,358.0,150.0,141.0,75.0,71.0,30.0,43.0,26.0,25.0,15.0,14.0,56.0,64.0,-7.0,9.0,354.5,145.5,7.0,9.0,1,Medium,Panchkula
618,2024,345.0,366.0,138.0,142.0,72.0,75.0,43.0,42.0,15.0,21.0,17.0,16.0,60.0,70.0,-21.0,-4.0,355.5,140.0,21.0,4.0,1,Medium,Panipat
619,2024,371.0,308.0,168.0,106.0,78.0,79.0,32.0,38.0,35.0,30.0,4.0,3.0,53.0,52.0,63.0,62.0,339.5,137.0,63.0,62.0,1,Medium,Panna
620,2024,273.0,209.0,111.0,117.0,69.0,17.0,30.0,34.0,8.0,0.0,3.0,2.0,52.0,39.0,64.0,-6.0,241.0,114.0,64.0,6.0,1,Medium,Papum Pare
621,2024,397.0,395.0,154.0,169.0,80.0,79.0,44.0,34.0,32.0,28.0,21.0,19.0,66.0,66.0,2.0,-15.0,396.0,161.5,2.0,15.0,1,Medium,Parbhani
625,2024,387.0,387.0,165.0,150.0,86.0,81.0,37.0,37.0,32.0,32.0,7.0,24.0,60.0,63.0,0.0,15.0,387.0,157.5,0.0,15.0,1,Medium,Paschim Bardhaman
626,2024,385.0,399.0,177.0,176.0,78.0,77.0,36.0,44.0,30.0,35.0,3.0,4.0,61.0,63.0,-14.0,1.0,392.0,176.5,14.0,1.0,1,Medium,Paschim Medinipur
627,2024,280.0,320.0,106.0,142.0,77.0,77.0,24.0,28.0,25.0,20.0,3.0,2.0,44.0,51.0,-40.0,-36.0,300.0,124.0,40.0,36.0,1,Medium,Pashchim Champaran
628,2024,306.0,345.0,114.0,167.0,80.0,76.0,37.0,36.0,2.0,2.0,17.0,12.0,57.0,52.0,-39.0,-53.0,325.5,140.5,39.0,53.0,1,Medium,Pashchimi Singhbhum
629,2024,367.0,428.0,113.0,175.0,79.0,79.0,41.0,43.0,28.0,33.0,26.0,23.0,80.0,75.0,-61.0,-62.0,397.5,144.0,61.0,62.0,0,Low,Patan
630,2024,422.0,450.0,151.0,176.0,86.0,85.0,42.0,48.0,35.0,35.0,27.0,27.0,82.0,79.0,-28.0,-25.0,436.0,163.5,28.0,25.0,0,Low,Pathanamthitta
631,2024,428.0,425.0,172.0,154.0,82.0,87.0,41.0,46.0,30.0,29.0,33.0,39.0,70.0,70.0,3.0,18.0,426.5,163.0,3.0,18.0,0,Low,Pathankot
632,2024,434.0,419.0,193.0,149.0,83.0,82.0,46.0,50.0,25.0,31.0,30.0,38.0,56.0,69.0,15.0,44.0,426.5,171.0,15.0,44.0,0,Low,Patiala
633,2024,312.0,358.0,141.0,162.0,76.0,76.0,25.0,26.0,25.0,30.0,9.0,9.0,35.0,55.0,-46.0,-21.0,335.0,151.5,46.0,21.0,1,Medium,Patna
636,2024,286.0,364.0,94.0,148.0,69.0,74.0,25.0,38.0,24.0,22.0,8.0,9.0,65.0,73.0,-78.0,-54.0,325.0,121.0,78.0,54.0,1,Medium,Peddapalli
637,2024,411.0,420.0,165.0,182.0,82.0,77.0,40.0,41.0,25.0,25.0,17.0,17.0,82.0,78.0,-9.0,-17.0,415.5,173.5,9.0,17.0,0,Low,Perambalur
638,2024,293.0,257.0,109.0,107.0,70.0,63.0,37.0,29.0,26.0,22.0,16.0,6.0,35.0,30.0,36.0,2.0,275.0,108.0,36.0,2.0,1,Medium,Peren
640,2024,276.0,290.0,117.0,136.0,63.0,64.0,36.0,33.0,15.0,15.0,10.0,7.0,35.0,35.0,-14.0,-19.0,283.0,126.5,14.0,19.0,1,Medium,Phek
641,2024,245.0,232.0,86.0,113.0,60.0,46.0,32.0,36.0,17.0,6.0,3.0,3.0,47.0,28.0,13.0,-27.0,238.5,99.5,13.0,27.0,1,Medium,Pherzawl
642,2024,301.0,311.0,106.0,142.0,70.0,66.0,37.0,24.0,28.0,23.0,11.0,3.0,48.0,53.0,-10.0,-36.0,306.0,124.0,10.0,36.0,1,Medium,Pilibhit
643,2024,323.0,224.0,123.0,107.0,78.0,54.0,38.0,44.0,24.0,3.0,8.0,6.0,51.0,10.0,99.0,16.0,273.5,115.0,99.0,16.0,1,Medium,Pithoragarh
645,2024,360.0,417.0,117.0,170.0,79.0,81.0,38.0,43.0,24.0,23.0,26.0,25.0,77.0,75.0,-57.0,-53.0,388.5,143.5,57.0,53.0,0,Low,Porbandar
646,2024,344.0,412.0,122.0,189.0,82.0,78.0,33.0,36.0,35.0,31.0,12.0,6.0,61.0,72.0,-68.0,-67.0,378.0,155.5,68.0,67.0,1,Medium,Prakasam
647,2024,339.0,368.0,122.0,160.0,84.0,84.0,30.0,36.0,34.0,32.0,10.0,3.0,58.0,53.0,-29.0,-38.0,353.5,141.0,29.0,38.0,1,Medium,Pratapgarh
648,2024,419.0,403.0,185.0,168.0,84.0,84.0,36.0,36.0,35.0,35.0,19.0,24.0,60.0,56.0,16.0,17.0,411.0,176.5,16.0,17.0,1,Medium,Pratapgarh (Raj.)
651,2024,356.0,387.0,116.0,151.0,79.0,75.0,41.0,44.0,25.0,25.0,16.0,16.0,79.0,76.0,-31.0,-35.0,371.5,133.5,31.0,35.0,0,Low,Pudukkottai
652,2024,341.0,287.0,161.0,115.0,77.0,62.0,30.0,36.0,12.0,15.0,8.0,6.0,53.0,53.0,54.0,46.0,314.0,138.0,54.0,46.0,1,Medium,Pulwama
653,2024,291.0,254.0,127.0,125.0,60.0,52.0,37.0,29.0,18.0,10.0,8.0,5.0,42.0,33.0,37.0,2.0,272.5,126.0,37.0,2.0,1,Medium,Punch
654,2024,407.0,428.0,162.0,175.0,83.0,85.0,43.0,48.0,35.0,35.0,23.0,25.0,61.0,60.0,-21.0,-13.0,417.5,168.5,21.0,13.0,1,Medium,Pune
655,2024,415.0,412.0,169.0,183.0,85.0,81.0,44.0,38.0,35.0,33.0,23.0,21.0,59.0,56.0,3.0,-14.0,413.5,176.0,3.0,14.0,1,Medium,Purba Bardhaman
656,2024,289.0,325.0,121.0,135.0,80.0,82.0,20.0,24.0,32.0,30.0,5.0,3.0,31.0,51.0,-36.0,-14.0,307.0,128.0,36.0,14.0,1,Medium,Purba Champaran
657,2024,378.0,398.0,172.0,198.0,81.0,80.0,34.0,35.0,15.0,20.0,15.0,3.0,62.0,62.0,-20.0,-26.0,388.0,185.0,20.0,26.0,1,Medium,Purba Medinipur
658,2024,350.0,321.0,153.0,141.0,75.0,70.0,32.0,33.0,14.0,10.0,11.0,9.0,65.0,58.0,29.0,12.0,335.5,147.0,29.0,12.0,1,Medium,Purbi Singhbhum
659,2024,390.0,426.0,160.0,187.0,84.0,85.0,42.0,41.0,33.0,32.0,9.0,11.0,63.0,70.0,-36.0,-27.0,408.0,173.5,36.0,27.0,1,Medium,Puri
660,2024,282.0,312.0,113.0,131.0,74.0,76.0,14.0,24.0,27.0,33.0,2.0,4.0,51.0,44.0,-30.0,-18.0,297.0,122.0,30.0,18.0,1,Medium,Purnia
663,2024,292.0,323.0,117.0,145.0,67.0,55.0,36.0,36.0,23.0,25.0,6.0,8.0,43.0,54.0,-31.0,-28.0,307.5,131.0,31.0,28.0,1,Medium,Rae Bareli
664,2024,331.0,412.0,143.0,194.0,70.0,77.0,39.0,39.0,31.0,30.0,8.0,18.0,39.0,54.0,-81.0,-51.0,371.5,168.5,81.0,51.0,1,Medium,Raichur
665,2024,357.0,379.0,125.0,148.0,81.0,80.0,41.0,44.0,30.0,30.0,12.0,5.0,68.0,72.0,-22.0,-23.0,368.0,136.5,22.0,23.0,1,Medium,Raigarh
666,2024,405.0,408.0,169.0,175.0,83.0,82.0,44.0,45.0,35.0,32.0,20.0,18.0,54.0,56.0,-3.0,-6.0,406.5,172.0,3.0,6.0,1,Medium,Raigarh (Maharashtra)
667,2024,365.0,382.0,138.0,144.0,83.0,81.0,45.0,43.0,28.0,27.0,15.0,14.0,57.0,73.0,-17.0,-6.0,373.5,141.0,17.0,6.0,1,Medium,Raipur
668,2024,374.0,323.0,169.0,132.0,77.0,80.0,37.0,38.0,31.0,20.0,7.0,5.0,54.0,48.0,51.0,37.0,348.5,150.5,51.0,37.0,1,Medium,Raisen
672,2024,331.0,346.0,124.0,142.0,80.0,80.0,32.0,38.0,35.0,31.0,7.0,5.0,53.0,50.0,-15.0,-18.0,338.5,133.0,15.0,18.0,1,Medium,Rajgarh
673,2024,374.0,414.0,120.0,161.0,77.0,81.0,43.0,42.0,25.0,25.0,28.0,28.0,80.0,77.0,-40.0,-41.0,394.0,140.5,40.0,41.0,0,Low,Rajkot
674,2024,342.0,361.0,114.0,154.0,82.0,69.0,43.0,44.0,27.0,19.0,8.0,6.0,68.0,69.0,-19.0,-40.0,351.5,134.0,19.0,40.0,1,Medium,Rajnandgaon
676,2024,413.0,423.0,171.0,178.0,86.0,85.0,42.0,42.0,30.0,35.0,21.0,25.0,63.0,58.0,-10.0,-7.0,418.0,174.5,10.0,7.0,1,Medium,Rajsamand
677,2024,339.0,408.0,125.0,200.0,75.0,76.0,40.0,34.0,25.0,25.0,12.0,12.0,62.0,61.0,-69.0,-75.0,373.5,162.5,69.0,75.0,1,Medium,Ramanagara
678,2024,357.0,390.0,121.0,157.0,81.0,76.0,37.0,43.0,25.0,25.0,12.0,13.0,81.0,76.0,-33.0,-36.0,373.5,139.0,33.0,36.0,0,Low,Ramanathapuram
679,2024,249.0,288.0,106.0,132.0,67.0,76.0,31.0,34.0,9.0,10.0,4.0,4.0,32.0,32.0,-39.0,-26.0,268.5,119.0,39.0,26.0,1,Medium,Ramban
680,2024,326.0,390.0,106.0,178.0,83.0,81.0,37.0,41.0,27.0,22.0,10.0,9.0,63.0,59.0,-64.0,-72.0,358.0,142.0,64.0,72.0,1,Medium,Ramgarh
681,2024,330.0,298.0,124.0,117.0,75.0,57.0,36.0,38.0,30.0,24.0,9.0,5.0,57.0,57.0,32.0,7.0,314.0,120.5,32.0,7.0,1,Medium,Rampur
682,2024,340.0,367.0,124.0,154.0,82.0,77.0,34.0,41.0,25.0,27.0,10.0,10.0,65.0,58.0,-27.0,-30.0,353.5,139.0,27.0,30.0,1,Medium,Ranchi
683,2024,336.0,361.0,136.0,158.0,68.0,67.0,31.0,35.0,25.0,25.0,17.0,16.0,59.0,60.0,-25.0,-22.0,348.5,147.0,25.0,22.0,1,Medium,Rangareddy
685,2024,301.0,323.0,92.0,120.0,81.0,80.0,38.0,38.0,35.0,30.0,6.0,5.0,49.0,50.0,-22.0,-28.0,312.0,106.0,22.0,28.0,1,Medium,Ratlam
686,2024,410.0,429.0,168.0,193.0,84.0,83.0,43.0,43.0,35.0,35.0,21.0,19.0,58.0,56.0,-19.0,-25.0,419.5,180.5,19.0,25.0,1,Medium,Ratnagiri
687,2024,336.0,353.0,111.0,126.0,79.0,82.0,45.0,44.0,34.0,30.0,5.0,3.0,63.0,68.0,-17.0,-15.0,344.5,118.5,17.0,15.0,1,Medium,Rayagada
688,2024,248.0,204.0,87.0,72.0,71.0,66.0,35.0,26.0,17.0,19.0,7.0,4.0,31.0,17.0,44.0,15.0,226.0,79.5,44.0,15.0,1,Medium,Reasi
689,2024,326.0,333.0,113.0,128.0,78.0,76.0,35.0,38.0,35.0,31.0,6.0,3.0,59.0,57.0,-7.0,-15.0,329.5,120.5,7.0,15.0,1,Medium,Rewa
690,2024,375.0,371.0,163.0,168.0,80.0,75.0,45.0,40.0,25.0,15.0,15.0,15.0,47.0,58.0,4.0,-5.0,373.0,165.5,4.0,5.0,0,Low,Rewari
691,2024,232.0,225.0,93.0,105.0,42.0,39.0,30.0,21.0,17.0,13.0,4.0,3.0,46.0,44.0,7.0,-12.0,228.5,99.0,7.0,12.0,1,Medium,Ri Bhoi
692,2024,376.0,389.0,147.0,154.0,80.0,82.0,37.0,40.0,29.0,25.0,20.0,19.0,63.0,69.0,-13.0,-7.0,382.5,150.5,13.0,7.0,1,Medium,Rohtak
693,2024,258.0,335.0,117.0,140.0,72.0,79.0,24.0,30.0,16.0,27.0,2.0,3.0,26.0,56.0,-77.0,-23.0,296.5,128.5,77.0,23.0,1,Medium,Rohtas
694,2024,328.0,341.0,123.0,148.0,76.0,72.0,34.0,34.0,26.0,24.0,12.0,7.0,56.0,56.0,-13.0,-25.0,334.5,135.5,13.0,25.0,1,Medium,Rudraprayag
695,2024,379.0,432.0,162.0,148.0,58.0,83.0,39.0,50.0,22.0,30.0,29.0,40.0,68.0,81.0,-53.0,14.0,405.5,155.0,53.0,14.0,0,Low,Rupnagar
698,2024,421.0,429.0,152.0,161.0,86.0,86.0,44.0,43.0,35.0,35.0,26.0,26.0,78.0,78.0,-8.0,-9.0,425.0,156.5,8.0,9.0,0,Low,Sabar Kantha
699,2024,369.0,379.0,154.0,172.0,80.0,80.0,36.0,42.0,34.0,30.0,9.0,4.0,57.0,51.0,-10.0,-18.0,374.0,163.0,10.0,18.0,1,Medium,Sagar
700,2024,346.0,354.0,120.0,128.0,82.0,82.0,42.0,41.0,35.0,35.0,8.0,7.0,60.0,61.0,-8.0,-8.0,350.0,124.0,8.0,8.0,1,Medium,Saharanpur
701,2024,315.0,321.0,126.0,127.0,77.0,74.0,26.0,30.0,33.0,33.0,2.0,2.0,51.0,55.0,-6.0,-1.0,318.0,126.5,6.0,1.0,1,Medium,Saharsa
702,2024,275.0,287.0,101.0,125.0,73.0,68.0,26.0,22.0,18.0,13.0,6.0,5.0,52.0,54.0,-12.0,-24.0,281.0,113.0,12.0,24.0,1,Medium,Sahibganj
706,2024,385.0,398.0,143.0,159.0,81.0,77.0,41.0,45.0,25.0,25.0,16.0,17.0,80.0,75.0,-13.0,-16.0,391.5,151.0,13.0,16.0,0,Low,Salem
708,2024,275.0,334.0,132.0,143.0,79.0,79.0,19.0,26.0,21.0,35.0,3.0,2.0,21.0,49.0,-59.0,-11.0,304.5,137.5,59.0,11.0,1,Medium,Samastipur
709,2024,279.0,265.0,126.0,130.0,62.0,63.0,39.0,37.0,17.0,14.0,10.0,9.0,25.0,12.0,14.0,-4.0,272.0,128.0,14.0,4.0,1,Medium,Samba
710,2024,396.0,370.0,156.0,133.0,83.0,83.0,48.0,45.0,35.0,35.0,10.0,5.0,63.0,69.0,26.0,23.0,383.0,144.5,26.0,23.0,1,Medium,Sambalpur
711,2024,361.0,353.0,141.0,131.0,83.0,83.0,41.0,37.0,35.0,35.0,14.0,19.0,48.0,48.0,8.0,10.0,357.0,136.0,8.0,10.0,1,Medium,Sambhal (Bhim Nagar)
713,2024,337.0,367.0,120.0,163.0,78.0,68.0,30.0,26.0,32.0,31.0,15.0,10.0,62.0,69.0,-30.0,-43.0,352.0,141.5,30.0,43.0,1,Medium,Sangareddy
714,2024,409.0,412.0,169.0,173.0,86.0,86.0,37.0,38.0,35.0,35.0,22.0,22.0,60.0,58.0,-3.0,-4.0,410.5,171.0,3.0,4.0,1,Medium,Sangli
715,2024,429.0,434.0,167.0,157.0,85.0,83.0,46.0,50.0,29.0,26.0,32.0,39.0,69.0,79.0,-5.0,10.0,431.5,162.0,5.0,10.0,0,Low,Sangrur
716,2024,352.0,347.0,135.0,149.0,79.0,77.0,32.0,25.0,34.0,28.0,13.0,13.0,58.0,55.0,5.0,-14.0,349.5,142.0,5.0,14.0,1,Medium,Sant Kabir Nagar
719,2024,273.0,321.0,120.0,148.0,74.0,74.0,23.0,22.0,24.0,24.0,3.0,2.0,29.0,51.0,-48.0,-28.0,297.0,134.0,48.0,28.0,1,Medium,Saran
722,2024,430.0,441.0,171.0,197.0,86.0,85.0,46.0,41.0,35.0,35.0,25.0,24.0,68.0,59.0,-11.0,-26.0,435.5,184.0,11.0,26.0,0,Low,Satara
723,2024,324.0,325.0,119.0,120.0,79.0,76.0,32.0,37.0,30.0,28.0,5.0,3.0,59.0,61.0,-1.0,-1.0,324.5,119.5,1.0,1.0,1,Medium,Satna
724,2024,377.0,441.0,143.0,199.0,85.0,85.0,36.0,41.0,35.0,35.0,18.0,23.0,61.0,58.0,-64.0,-56.0,409.0,171.0,64.0,56.0,1,Medium,Sawai Madhopur
725,2024,323.0,327.0,123.0,145.0,81.0,74.0,33.0,34.0,30.0,22.0,8.0,6.0,48.0,46.0,-4.0,-22.0,325.0,134.0,4.0,22.0,1,Medium,Sehore
726,2024,288.0,281.0,125.0,141.0,57.0,43.0,35.0,36.0,12.0,7.0,6.0,5.0,53.0,49.0,7.0,-16.0,284.5,133.0,7.0,16.0,1,Medium,Senapati
727,2024,327.0,342.0,111.0,136.0,83.0,77.0,35.0,45.0,35.0,25.0,6.0,4.0,56.0,55.0,-15.0,-25.0,334.5,123.5,15.0,25.0,1,Medium,Seoni
728,2024,345.0,340.0,131.0,151.0,80.0,78.0,31.0,37.0,28.0,25.0,8.0,3.0,67.0,46.0,5.0,-20.0,342.5,141.0,5.0,20.0,1,Medium,Sepahijala
729,2024,311.0,308.0,124.0,134.0,65.0,55.0,43.0,45.0,17.0,12.0,5.0,6.0,58.0,56.0,3.0,-10.0,309.5,129.0,3.0,10.0,1,Medium,Serchhip
730,2024,341.0,349.0,131.0,138.0,79.0,83.0,33.0,39.0,30.0,27.0,6.0,2.0,62.0,60.0,-8.0,-7.0,345.0,134.5,8.0,7.0,1,Medium,Shahdol
733,2024,320.0,308.0,116.0,115.0,72.0,68.0,36.0,32.0,30.0,25.0,11.0,13.0,55.0,55.0,12.0,1.0,314.0,115.5,12.0,1.0,1,Medium,Shahjahanpur
735,2024,316.0,336.0,113.0,142.0,80.0,75.0,34.0,36.0,31.0,26.0,9.0,6.0,50.0,51.0,-20.0,-29.0,326.0,127.5,20.0,29.0,1,Medium,Shajapur
736,2024,364.0,302.0,127.0,90.0,86.0,81.0,44.0,25.0,35.0,35.0,11.0,19.0,61.0,52.0,62.0,37.0,333.0,108.5,62.0,37.0,1,Medium,Shamli (Prabudh Nagar)
737,2024,305.0,322.0,118.0,135.0,77.0,77.0,31.0,31.0,25.0,25.0,4.0,4.0,49.0,50.0,-17.0,-17.0,313.5,126.5,17.0,17.0,1,Medium,Sheikhpura
738,2024,249.0,321.0,106.0,146.0,71.0,79.0,18.0,22.0,20.0,22.0,4.0,3.0,30.0,49.0,-72.0,-40.0,285.0,126.0,72.0,40.0,1,Medium,Sheohar
739,2024,347.0,318.0,133.0,115.0,78.0,73.0,31.0,38.0,30.0,21.0,2.0,2.0,72.0,69.0,29.0,18.0,332.5,124.0,29.0,18.0,1,Medium,Sheopur
741,2024,324.0,354.0,132.0,148.0,76.0,76.0,37.0,46.0,26.0,26.0,12.0,10.0,42.0,48.0,-30.0,-16.0,339.0,140.0,30.0,16.0,1,Medium,Shimla
742,2024,370.0,408.0,135.0,172.0,82.0,79.0,47.0,46.0,30.0,28.0,15.0,23.0,61.0,60.0,-38.0,-37.0,389.0,153.5,38.0,37.0,1,Medium,Shivamogga
743,2024,318.0,338.0,121.0,134.0,79.0,80.0,30.0,42.0,35.0,26.0,5.0,3.0,49.0,53.0,-20.0,-13.0,328.0,127.5,20.0,13.0,1,Medium,Shivpuri
744,2024,357.0,297.0,148.0,135.0,80.0,64.0,36.0,39.0,30.0,21.0,12.0,6.0,53.0,32.0,60.0,13.0,327.0,141.5,60.0,13.0,1,Medium,Shopian
745,2024,370.0,356.0,132.0,110.0,81.0,82.0,43.0,39.0,35.0,35.0,9.0,15.0,70.0,75.0,14.0,22.0,363.0,121.0,14.0,22.0,1,Medium,Shrawasti
747,2024,229.0,270.0,106.0,112.0,41.0,59.0,30.0,37.0,16.0,16.0,8.0,3.0,28.0,43.0,-41.0,-6.0,249.5,109.0,41.0,6.0,1,Medium,Siang
749,2024,331.0,322.0,122.0,132.0,81.0,71.0,32.0,25.0,30.0,34.0,8.0,2.0,57.0,58.0,9.0,-10.0,326.5,127.0,9.0,10.0,1,Medium,Siddharthnagar
750,2024,373.0,423.0,135.0,179.0,83.0,83.0,39.0,45.0,34.0,35.0,15.0,9.0,67.0,72.0,-50.0,-44.0,398.0,157.0,50.0,44.0,1,Medium,Siddipet
751,2024,351.0,300.0,158.0,116.0,80.0,75.0,33.0,37.0,30.0,24.0,4.0,3.0,46.0,45.0,51.0,42.0,325.5,137.0,51.0,42.0,1,Medium,Sidhi
752,2024,401.0,462.0,163.0,211.0,86.0,85.0,31.0,43.0,35.0,35.0,20.0,25.0,64.0,63.0,-61.0,-48.0,431.5,187.0,61.0,48.0,1,Medium,Sikar
753,2024,338.0,277.0,135.0,126.0,79.0,32.0,20.0,26.0,25.0,30.0,25.0,7.0,54.0,56.0,61.0,9.0,307.5,130.5,61.0,9.0,1,Medium,Siliguri
754,2024,306.0,303.0,113.0,126.0,79.0,75.0,33.0,30.0,19.0,17.0,7.0,4.0,55.0,51.0,3.0,-13.0,304.5,119.5,3.0,13.0,1,Medium,Simdega
755,2024,408.0,436.0,181.0,206.0,82.0,81.0,36.0,37.0,35.0,35.0,18.0,19.0,56.0,58.0,-28.0,-25.0,422.0,193.5,28.0,25.0,1,Medium,Sindhudurg
756,2024,320.0,300.0,120.0,101.0,78.0,81.0,34.0,41.0,30.0,25.0,7.0,5.0,51.0,47.0,20.0,19.0,310.0,110.5,20.0,19.0,1,Medium,Singrauli
757,2024,303.0,231.0,115.0,106.0,69.0,29.0,34.0,22.0,28.0,19.0,11.0,8.0,46.0,47.0,72.0,9.0,267.0,110.5,72.0,9.0,1,Medium,Sirmaur
758,2024,381.0,402.0,156.0,163.0,82.0,84.0,33.0,41.0,35.0,35.0,19.0,23.0,57.0,56.0,-21.0,-7.0,391.5,159.5,21.0,7.0,1,Medium,Sirohi
759,2024,308.0,342.0,125.0,135.0,69.0,74.0,36.0,41.0,18.0,21.0,11.0,13.0,48.0,58.0,-34.0,-10.0,325.0,130.0,34.0,10.0,1,Medium,Sirsa
760,2024,300.0,302.0,116.0,132.0,71.0,67.0,28.0,25.0,30.0,23.0,3.0,2.0,52.0,53.0,-2.0,-16.0,301.0,124.0,2.0,16.0,1,Medium,Sitamarhi
761,2024,302.0,310.0,95.0,120.0,78.0,69.0,39.0,42.0,27.0,21.0,7.0,4.0,56.0,54.0,-8.0,-25.0,306.0,107.5,8.0,25.0,1,Medium,Sitapur
765,2024,296.0,333.0,124.0,149.0,76.0,78.0,28.0,28.0,21.0,24.0,3.0,3.0,44.0,51.0,-37.0,-25.0,314.5,136.5,37.0,25.0,1,Medium,Siwan
766,2024,307.0,246.0,114.0,140.0,69.0,34.0,37.0,30.0,28.0,1.0,13.0,13.0,46.0,28.0,61.0,-26.0,276.5,127.0,61.0,26.0,1,Medium,Solan
767,2024,419.0,397.0,178.0,174.0,87.0,81.0,34.0,45.0,35.0,22.0,25.0,22.0,59.0,53.0,22.0,4.0,408.0,176.0,22.0,4.0,1,Medium,Solapur
768,2024,334.0,353.0,108.0,124.0,84.0,79.0,37.0,43.0,35.0,33.0,11.0,16.0,59.0,58.0,-19.0,-16.0,343.5,116.0,19.0,16.0,1,Medium,Sonbhadra
769,2024,369.0,403.0,141.0,162.0,83.0,83.0,43.0,44.0,35.0,35.0,7.0,12.0,61.0,67.0,-34.0,-21.0,386.0,151.5,34.0,21.0,1,Medium,Sonepur
770,2024,369.0,359.0,155.0,158.0,77.0,69.0,40.0,44.0,28.0,20.0,18.0,15.0,51.0,53.0,10.0,-3.0,364.0,156.5,10.0,3.0,1,Medium,Sonipat
771,2024,332.0,326.0,124.0,137.0,66.0,66.0,39.0,40.0,22.0,24.0,6.0,5.0,76.0,54.0,6.0,-13.0,329.0,130.5,6.0,13.0,1,Medium,Sonitpur
773,2024,430.0,414.0,155.0,144.0,88.0,87.0,46.0,44.0,35.0,35.0,30.0,29.0,75.0,75.0,16.0,11.0,422.0,149.5,16.0,11.0,0,Low,South
778,2024,416.0,411.0,147.0,141.0,87.0,87.0,46.0,44.0,35.0,35.0,29.0,28.0,72.0,76.0,5.0,6.0,413.5,144.0,5.0,6.0,0,Low,South East
779,2024,202.0,202.0,91.0,91.0,24.0,33.0,22.0,15.0,9.0,9.0,5.0,1.0,51.0,53.0,0.0,0.0,202.0,91.0,0.0,0.0,0,Low,South Garo Hills
780,2024,357.0,376.0,144.0,153.0,80.0,79.0,33.0,39.0,28.0,28.0,20.0,26.0,52.0,51.0,-19.0,-9.0,366.5,148.5,19.0,9.0,1,Medium,South Goa
784,2024,334.0,356.0,127.0,157.0,80.0,80.0,42.0,41.0,29.0,25.0,3.0,6.0,52.0,47.0,-22.0,-30.0,345.0,142.0,22.0,30.0,1,Medium,South Tripura
786,2024,438.0,427.0,161.0,157.0,88.0,87.0,47.0,43.0,35.0,35.0,32.0,30.0,75.0,75.0,11.0,4.0,432.5,159.0,11.0,4.0,0,Low,South West A
791,2024,243.0,256.0,107.0,125.0,41.0,38.0,19.0,21.0,12.0,11.0,4.0,2.0,60.0,59.0,-13.0,-18.0,249.5,116.0,13.0,18.0,1,Medium,South West Garo Hills
792,2024,235.0,250.0,86.0,117.0,44.0,42.0,32.0,20.0,13.0,13.0,2.0,1.0,57.0,57.0,-15.0,-31.0,242.5,101.5,15.0,31.0,1,Medium,South West Khasi Hills
797,2024,376.0,373.0,142.0,203.0,85.0,83.0,34.0,31.0,35.0,30.0,15.0,5.0,65.0,21.0,3.0,-61.0,374.5,172.5,3.0,61.0,1,Medium,Srikakulam
798,2024,374.0,330.0,172.0,137.0,74.0,74.0,36.0,34.0,25.0,26.0,15.0,18.0,51.0,41.0,44.0,35.0,352.0,154.5,44.0,35.0,1,Medium,Srinagar
799,2024,305.0,359.0,86.0,141.0,78.0,77.0,43.0,44.0,32.0,29.0,4.0,3.0,63.0,65.0,-54.0,-55.0,332.0,113.5,54.0,55.0,1,Medium,Sukma
800,2024,337.0,367.0,121.0,149.0,82.0,83.0,36.0,32.0,35.0,33.0,9.0,12.0,55.0,58.0,-30.0,-28.0,352.0,135.0,30.0,28.0,1,Medium,Sultanpur
803,2024,223.0,323.0,111.0,141.0,57.0,78.0,11.0,21.0,12.0,32.0,1.0,4.0,31.0,47.0,-100.0,-30.0,273.0,126.0,100.0,30.0,1,Medium,Supaul
804,2024,372.0,406.0,131.0,179.0,80.0,82.0,45.0,45.0,29.0,28.0,14.0,4.0,73.0,68.0,-34.0,-48.0,389.0,155.0,34.0,48.0,1,Medium,Surajpur
805,2024,382.0,444.0,140.0,188.0,75.0,86.0,42.0,41.0,26.0,22.0,24.0,28.0,75.0,79.0,-62.0,-48.0,413.0,164.0,62.0,48.0,0,Low,Surat
806,2024,379.0,396.0,119.0,143.0,87.0,86.0,37.0,34.0,35.0,35.0,28.0,27.0,74.0,71.0,-17.0,-24.0,387.5,131.0,17.0,24.0,0,Low,Surendranagar
807,2024,362.0,431.0,131.0,204.0,80.0,81.0,43.0,47.0,29.0,29.0,11.0,14.0,66.0,56.0,-69.0,-73.0,396.5,167.5,69.0,73.0,1,Medium,Surguja
808,2024,294.0,269.0,97.0,131.0,71.0,40.0,26.0,21.0,32.0,0.0,7.0,9.0,63.0,68.0,25.0,-34.0,281.5,114.0,25.0,34.0,1,Medium,Suryapet
809,2024,254.0,245.0,112.0,128.0,51.0,40.0,36.0,37.0,15.0,4.0,7.0,4.0,34.0,32.0,9.0,-16.0,249.5,120.0,9.0,16.0,1,Medium,Tamenglong
811,2024,378.0,430.0,119.0,173.0,83.0,83.0,43.0,45.0,32.0,33.0,23.0,19.0,76.0,77.0,-52.0,-54.0,404.0,146.0,52.0,54.0,0,Low,Tapi
812,2024,446.0,425.0,183.0,152.0,87.0,85.0,42.0,51.0,33.0,29.0,26.0,39.0,75.0,69.0,21.0,31.0,435.5,167.5,21.0,31.0,0,Low,Taran Taran
813,2024,296.0,291.0,104.0,120.0,63.0,59.0,43.0,42.0,20.0,13.0,12.0,6.0,53.0,51.0,5.0,-16.0,293.5,112.0,5.0,16.0,1,Medium,Tawang
814,2024,308.0,346.0,111.0,167.0,79.0,72.0,35.0,39.0,32.0,21.0,9.0,6.0,41.0,41.0,-38.0,-56.0,327.0,139.0,38.0,56.0,1,Medium,Tehri Garhwal
815,2024,247.0,257.0,111.0,139.0,49.0,41.0,34.0,38.0,12.0,4.0,3.0,5.0,37.0,30.0,-10.0,-28.0,252.0,125.0,10.0,28.0,1,Medium,Tengnoupal
817,2024,405.0,405.0,158.0,166.0,86.0,84.0,35.0,36.0,35.0,33.0,26.0,25.0,66.0,61.0,0.0,-8.0,405.0,162.0,0.0,8.0,0,Low,Thane
818,2024,385.0,403.0,144.0,162.0,82.0,77.0,41.0,44.0,25.0,25.0,12.0,19.0,81.0,76.0,-18.0,-18.0,394.0,153.0,18.0,18.0,0,Low,Thanjavur
820,2024,381.0,392.0,143.0,159.0,79.0,75.0,41.0,40.0,25.0,25.0,15.0,17.0,79.0,76.0,-11.0,-16.0,386.5,151.0,11.0,16.0,0,Low,The Nilgiris
821,2024,347.0,373.0,115.0,136.0,79.0,75.0,34.0,43.0,25.0,25.0,14.0,15.0,80.0,79.0,-26.0,-21.0,360.0,125.5,26.0,21.0,0,Low,Theni
822,2024,441.0,476.0,165.0,206.0,85.0,84.0,45.0,46.0,35.0,35.0,32.0,29.0,80.0,76.0,-35.0,-41.0,458.5,185.5,35.0,41.0,2,High,Thiruvananthapuram
823,2024,377.0,398.0,138.0,151.0,80.0,78.0,39.0,45.0,25.0,25.0,12.0,20.0,83.0,79.0,-21.0,-13.0,387.5,144.5,21.0,13.0,0,Low,Thoothukkudi
824,2024,277.0,266.0,136.0,134.0,46.0,39.0,36.0,38.0,9.0,6.0,5.0,8.0,44.0,41.0,11.0,2.0,271.5,135.0,11.0,2.0,1,Medium,Thoubal
825,2024,442.0,468.0,162.0,194.0,82.0,81.0,49.0,49.0,35.0,34.0,33.0,29.0,82.0,81.0,-26.0,-32.0,455.0,178.0,26.0,32.0,2,High,Thrissur
826,2024,333.0,331.0,143.0,134.0,78.0,79.0,26.0,33.0,35.0,27.0,5.0,4.0,46.0,54.0,2.0,9.0,332.0,138.5,2.0,9.0,1,Medium,Tikamgarh
827,2024,345.0,351.0,121.0,149.0,84.0,78.0,41.0,39.0,27.0,22.0,11.0,6.0,62.0,57.0,-6.0,-28.0,348.0,135.0,6.0,28.0,1,Medium,Tinsukia
828,2024,275.0,311.0,105.0,147.0,69.0,61.0,35.0,34.0,29.0,23.0,5.0,4.0,32.0,42.0,-36.0,-42.0,293.0,126.0,36.0,42.0,1,Medium,Tirap
829,2024,385.0,391.0,140.0,146.0,81.0,77.0,40.0,47.0,25.0,25.0,17.0,17.0,81.0,79.0,-6.0,-6.0,388.0,143.0,6.0,6.0,0,Low,Tiruchirappalli
830,2024,379.0,377.0,137.0,144.0,79.0,75.0,37.0,41.0,35.0,25.0,12.0,12.0,79.0,80.0,2.0,-7.0,378.0,140.5,2.0,7.0,0,Low,Tirunelveli
834,2024,379.0,342.0,136.0,107.0,81.0,75.0,42.0,44.0,25.0,25.0,15.0,16.0,81.0,75.0,37.0,29.0,360.5,121.5,37.0,29.0,0,Low,Tiruppur
835,2024,387.0,404.0,143.0,167.0,81.0,78.0,40.0,41.0,25.0,25.0,16.0,18.0,81.0,75.0,-17.0,-24.0,395.5,155.0,17.0,24.0,0,Low,Tiruvallur
836,2024,379.0,407.0,134.0,163.0,82.0,77.0,41.0,44.0,25.0,25.0,16.0,16.0,81.0,82.0,-28.0,-29.0,393.0,148.5,28.0,29.0,0,Low,Tiruvannamalai
837,2024,379.0,387.0,140.0,152.0,80.0,76.0,41.0,40.0,25.0,25.0,14.0,15.0,79.0,79.0,-8.0,-12.0,383.0,146.0,8.0,12.0,0,Low,Tiruvarur
838,2024,407.0,438.0,172.0,198.0,82.0,82.0,36.0,38.0,35.0,35.0,19.0,24.0,62.0,61.0,-31.0,-26.0,422.5,185.0,31.0,26.0,1,Medium,Tonk
839,2024,269.0,237.0,113.0,108.0,58.0,49.0,39.0,31.0,25.0,14.0,5.0,5.0,30.0,30.0,32.0,5.0,253.0,110.5,32.0,5.0,1,Medium,Tuensang
840,2024,384.0,415.0,161.0,194.0,82.0,77.0,40.0,40.0,31.0,31.0,13.0,17.0,57.0,56.0,-31.0,-33.0,399.5,177.5,31.0,33.0,1,Medium,Tumakuru
842,2024,396.0,372.0,182.0,176.0,79.0,77.0,45.0,36.0,25.0,14.0,11.0,10.0,54.0,59.0,24.0,6.0,384.0,179.0,24.0,6.0,0,Low,Tumakuru Madhugiri
843,2024,350.0,416.0,126.0,181.0,82.0,81.0,36.0,41.0,35.0,35.0,13.0,20.0,57.0,58.0,-66.0,-55.0,383.0,153.5,66.0,55.0,1,Medium,Udaipur
844,2024,353.0,384.0,123.0,161.0,82.0,82.0,41.0,38.0,30.0,29.0,3.0,3.0,75.0,71.0,-31.0,-38.0,368.5,142.0,31.0,38.0,1,Medium,Udalguri
845,2024,329.0,363.0,117.0,152.0,81.0,78.0,34.0,39.0,25.0,23.0,14.0,11.0,58.0,60.0,-34.0,-35.0,346.0,134.5,34.0,35.0,1,Medium,Udham Singh Nagar
846,2024,253.0,220.0,100.0,92.0,67.0,65.0,36.0,31.0,12.0,15.0,8.0,5.0,30.0,12.0,33.0,8.0,236.5,96.0,33.0,8.0,1,Medium,Udhampur
847,2024,400.0,415.0,158.0,174.0,87.0,86.0,42.0,43.0,30.0,34.0,22.0,19.0,62.0,59.0,-15.0,-16.0,407.5,166.0,15.0,16.0,1,Medium,Udupi
848,2024,324.0,314.0,122.0,115.0,79.0,76.0,33.0,38.0,33.0,27.0,8.0,6.0,50.0,52.0,10.0,7.0,319.0,118.5,10.0,7.0,1,Medium,Ujjain
849,2024,254.0,233.0,113.0,126.0,50.0,33.0,35.0,31.0,11.0,3.0,8.0,5.0,37.0,35.0,21.0,-13.0,243.5,119.5,21.0,13.0,1,Medium,Ukhrul
850,2024,299.0,313.0,103.0,120.0,79.0,74.0,32.0,33.0,31.0,30.0,6.0,4.0,48.0,52.0,-14.0,-17.0,306.0,111.5,14.0,17.0,1,Medium,Umaria
851,2024,297.0,303.0,121.0,131.0,73.0,76.0,36.0,41.0,15.0,12.0,14.0,14.0,38.0,29.0,-6.0,-10.0,300.0,126.0,6.0,10.0,1,Medium,Una
852,2024,256.0,259.0,95.0,127.0,72.0,55.0,34.0,33.0,15.0,13.0,3.0,4.0,36.0,27.0,-3.0,-32.0,257.5,111.0,3.0,32.0,1,Medium,Unakoti
853,2024,314.0,397.0,105.0,182.0,85.0,84.0,34.0,36.0,30.0,35.0,5.0,5.0,55.0,55.0,-83.0,-77.0,355.5,143.5,83.0,77.0,1,Medium,Unnao
854,2024,266.0,230.0,105.0,92.0,63.0,53.0,33.0,37.0,16.0,11.0,5.0,5.0,44.0,32.0,36.0,13.0,248.0,98.5,36.0,13.0,1,Medium,Upper Siang
855,2024,219.0,227.0,77.0,86.0,53.0,51.0,30.0,32.0,5.0,16.0,2.0,7.0,52.0,35.0,-8.0,-9.0,223.0,81.5,8.0,9.0,1,Medium,Upper Subansiri
856,2024,315.0,277.0,115.0,108.0,74.0,64.0,34.0,28.0,20.0,17.0,18.0,11.0,54.0,49.0,38.0,7.0,296.0,111.5,38.0,7.0,1,Medium,Uttar Dinajpur
857,2024,377.0,431.0,157.0,208.0,81.0,78.0,43.0,43.0,27.0,32.0,11.0,13.0,59.0,57.0,-54.0,-51.0,404.0,182.5,54.0,51.0,1,Medium,Uttara Kannada
858,2024,390.0,426.0,154.0,187.0,85.0,84.0,46.0,46.0,34.0,34.0,11.0,15.0,59.0,60.0,-36.0,-33.0,408.0,170.5,36.0,33.0,1,Medium,Uttara Kannada Sirsi
859,2024,310.0,330.0,109.0,125.0,75.0,64.0,34.0,44.0,25.0,25.0,11.0,15.0,55.0,57.0,-20.0,-16.0,320.0,117.0,20.0,16.0,1,Medium,Uttarkashi
860,2024,418.0,437.0,154.0,171.0,87.0,87.0,41.0,41.0,28.0,31.0,28.0,23.0,80.0,84.0,-19.0,-17.0,427.5,162.5,19.0,17.0,0,Low,Vadodara
861,2024,289.0,343.0,124.0,146.0,67.0,79.0,23.0,26.0,24.0,30.0,6.0,9.0,46.0,53.0,-54.0,-22.0,316.0,135.0,54.0,22.0,1,Medium,Vaishali
862,2024,429.0,438.0,156.0,170.0,85.0,86.0,46.0,37.0,35.0,35.0,27.0,30.0,82.0,80.0,-9.0,-14.0,433.5,163.0,9.0,14.0,0,Low,Valsad
863,2024,380.0,346.0,148.0,122.0,83.0,81.0,42.0,42.0,35.0,34.0,14.0,12.0,59.0,55.0,34.0,26.0,363.0,135.0,34.0,26.0,1,Medium,Varanasi
864,2024,384.0,385.0,142.0,150.0,80.0,74.0,39.0,42.0,25.0,25.0,15.0,14.0,81.0,80.0,-1.0,-8.0,384.5,146.0,1.0,8.0,0,Low,Vellore
865,2024,335.0,317.0,134.0,117.0,80.0,82.0,34.0,36.0,30.0,26.0,6.0,4.0,51.0,52.0,18.0,17.0,326.0,125.5,18.0,17.0,1,Medium,Vidisha
867,2024,382.0,417.0,152.0,199.0,84.0,84.0,38.0,29.0,35.0,35.0,11.0,12.0,62.0,58.0,-35.0,-47.0,399.5,175.5,35.0,47.0,1,Medium,Vijayapura
868,2024,328.0,344.0,134.0,138.0,66.0,69.0,29.0,36.0,28.0,23.0,8.0,7.0,64.0,71.0,-16.0,-4.0,336.0,136.0,16.0,4.0,1,Medium,Vikarabad
869,2024,376.0,414.0,135.0,170.0,80.0,76.0,38.0,44.0,25.0,25.0,18.0,18.0,80.0,81.0,-38.0,-35.0,395.0,152.5,38.0,35.0,0,Low,Villupuram
870,2024,382.0,375.0,137.0,139.0,81.0,74.0,40.0,42.0,25.0,25.0,17.0,15.0,81.0,80.0,7.0,-2.0,378.5,138.0,7.0,2.0,0,Low,Virudhunagar
871,2024,397.0,370.0,153.0,168.0,84.0,71.0,41.0,34.0,35.0,24.0,18.0,8.0,66.0,65.0,27.0,-15.0,383.5,160.5,27.0,15.0,1,Medium,Visakhapatnam
872,2024,390.0,419.0,148.0,181.0,83.0,82.0,42.0,39.0,35.0,35.0,14.0,6.0,68.0,76.0,-29.0,-33.0,404.5,164.5,29.0,33.0,1,Medium,Vizianagaram
873,2024,340.0,360.0,117.0,144.0,81.0,78.0,38.0,33.0,32.0,28.0,8.0,7.0,64.0,70.0,-20.0,-27.0,350.0,130.5,20.0,27.0,1,Medium,Wanaparthy
877,2024,395.0,389.0,150.0,148.0,85.0,82.0,45.0,41.0,35.0,34.0,22.0,25.0,58.0,59.0,6.0,2.0,392.0,149.0,6.0,2.0,1,Medium,Wardha
878,2024,403.0,397.0,169.0,177.0,82.0,83.0,39.0,29.0,35.0,33.0,20.0,18.0,58.0,57.0,6.0,-8.0,400.0,173.0,6.0,8.0,1,Medium,Washim
879,2024,396.0,433.0,131.0,172.0,80.0,77.0,47.0,48.0,27.0,27.0,29.0,27.0,82.0,82.0,-37.0,-41.0,414.5,151.5,37.0,41.0,0,Low,Wayanad
880,2024,411.0,429.0,137.0,162.0,88.0,88.0,47.0,41.0,35.0,35.0,29.0,28.0,75.0,75.0,-18.0,-25.0,420.0,149.5,18.0,25.0,0,Low,West A
882,2024,421.0,437.0,147.0,163.0,87.0,88.0,46.0,47.0,35.0,35.0,30.0,28.0,76.0,76.0,-16.0,-16.0,429.0,155.0,16.0,16.0,0,Low,West B
883,2024,210.0,222.0,87.0,111.0,52.0,51.0,22.0,16.0,10.0,9.0,2.0,2.0,36.0,33.0,-12.0,-24.0,216.0,99.0,12.0,24.0,1,Medium,West Garo Hills
884,2024,364.0,333.0,120.0,155.0,85.0,78.0,44.0,36.0,32.0,20.0,15.0,8.0,68.0,36.0,31.0,-35.0,348.5,137.5,31.0,35.0,1,Medium,West Godavari
885,2024,251.0,221.0,96.0,99.0,55.0,42.0,30.0,21.0,12.0,12.0,3.0,2.0,56.0,45.0,30.0,-3.0,236.0,97.5,30.0,3.0,1,Medium,West Jaintia Hills
886,2024,233.0,228.0,97.0,94.0,38.0,56.0,29.0,28.0,10.0,2.0,11.0,9.0,49.0,39.0,5.0,3.0,230.5,95.5,5.0,3.0,1,Medium,West Kameng
887,2024,306.0,306.0,98.0,136.0,73.0,59.0,38.0,38.0,29.0,22.0,3.0,2.0,65.0,49.0,0.0,-38.0,306.0,117.0,0.0,38.0,1,Medium,West Karbi Anglong
888,2024,263.0,228.0,104.0,114.0,63.0,38.0,26.0,27.0,13.0,10.0,6.0,2.0,52.0,37.0,35.0,-10.0,245.5,109.0,35.0,10.0,1,Medium,West Khasi Hills
889,2024,275.0,288.0,104.0,124.0,63.0,63.0,37.0,29.0,17.0,18.0,8.0,6.0,47.0,48.0,-13.0,-20.0,281.5,114.0,13.0,20.0,1,Medium,West Siang
891,2024,332.0,335.0,129.0,139.0,76.0,65.0,44.0,44.0,20.0,27.0,9.0,6.0,54.0,54.0,-3.0,-10.0,333.5,134.0,3.0,10.0,1,Medium,West Tripura
892,2024,289.0,278.0,116.0,122.0,65.0,65.0,36.0,30.0,26.0,24.0,12.0,8.0,34.0,29.0,11.0,-6.0,283.5,119.0,11.0,6.0,1,Medium,Wokha
898,2024,377.0,365.0,158.0,141.0,77.0,79.0,41.0,44.0,24.0,22.0,16.0,10.0,60.0,69.0,12.0,17.0,371.0,149.5,12.0,17.0,1,Medium,Yamunanagar
899,2024,406.0,420.0,131.0,141.0,87.0,87.0,44.0,45.0,35.0,35.0,28.0,31.0,81.0,81.0,-14.0,-10.0,413.0,136.0,14.0,10.0,0,Low,Yanam
900,2024,392.0,388.0,147.0,142.0,85.0,83.0,45.0,48.0,34.0,33.0,18.0,23.0,63.0,59.0,4.0,5.0,390.0,144.5,4.0,5.0,1,Medium,Yavatmal
901,2024,274.0,264.0,122.0,113.0,65.0,66.0,31.0,32.0,14.0,14.0,8.0,9.0,34.0,30.0,10.0,9.0,269.0,117.5,10.0,9.0,1,Medium,Zunheboto
